#pragma once
#include <Arduino.h>
#define USER_PIECES_AVAILABLE 1
static constexpr int USER_PIECE_W=36;
static constexpr int USER_PIECE_H=36;
static const uint16_t wp_pix[1296] PROGMEM={
0x0000,0x0000,0x0000,0x0000,0x0000,0x0000,0x0000,0x0000,0x0000,0x0000,0x0000,0x0000,0xFFFF,0x52AA,0x0000,0x0000,0x0000,0x0000,
0x0000,0x0000,0x0000,0x52AA,0xFFFF,0x0000,0x0000,0x0000,0x0000,0x0000,0x0000,0x0000,0x0000,0x0000,0x0000,0x0000,0x0000,0x0000,
0x0000,0x0000,0x0000,0x0000,0x0000,0x0000,0x0000,0x0000,0x0000,0x0000,0x0000,0xFFFF,0x0000,0x0000,0xFFFE,0x9490,0x7BCD,0x8C2F,
0x7BCD,0x9CD1,0xFFFF,0x0000,0x0000,0x0000,0x0000,0x0000,0x0000,0x0000,0x0000,0x0000,0x0000,0x0000,0x0000,0x0000,0x0000,0x0000,
0x0000,0x0000,0x0000,0x0000,0x0000,0x0000,0x0000,0x0000,0x0000,0x0000,0xFFFF,0x0000,0xFFFF,0xA532,0x632B,0x62EB,0x6B4C,0x738E,
0x738E,0x630B,0x6B4B,0xAD73,0xFFFF,0x52AA,0xFFFF,0x0000,0x0000,0x0000,0x0000,0x0000,0x0000,0x0000,0x0000,0x0000,0x0000,0x0000,
0x0000,0x0000,0x0000,0x0000,0x0000,0x0000,0x0000,0x0000,0x0000,0xFFFF,0x7BEF,0xFFFF,0x9CD1,0x5AEB,0x8C71,0xEF7D,0xFFFF,0xFFFF,
0xFFFF,0xE73C,0x9471,0x62EB,0x9CF1,0x0000,0xFFFF,0x0000,0x0000,0x0000,0x0000,0x0000,0x0000,0x0000,0x0000,0x0000,0x0000,0x0000,
0x0000,0x0000,0x0000,0x0000,0x0000,0x0000,0x0000,0x0000,0x0000,0xFBEF,0x0000,0xA512,0x5ACA,0xB5B6,0xFFFF,0xFFFF,0xFFFF,0xFFFF,
0xFFDF,0xFFFF,0xFFFF,0xA4F3,0x5AAA,0xA532,0x0000,0xAD4A,0x0000,0x0000,0x0000,0x0000,0x0000,0x0000,0x0000,0x0000,0x0000,0x0000,
0x0000,0x0000,0x0000,0x0000,0x0000,0x0000,0x0000,0x0000,0x0000,0x0000,0xFFFF,0x5AAA,0x94B2,0xFFFF,0xF7BE,0xF7BE,0xFFDF,0xFFDF,
0xFFDF,0xF7BE,0xFFDF,0xFFFF,0x73AE,0x630B,0xFFFF,0x0000,0x0000,0x0000,0x0000,0x0000,0x0000,0x0000,0x0000,0x0000,0x0000,0x0000,
0x0000,0x0000,0x0000,0x0000,0x0000,0x0000,0x0000,0x0000,0x7BEF,0x0000,0x9CD1,0x630B,0xE73D,0xFFFF,0xF7BE,0xFFDF,0xFFDF,0xFFDF,
0xFFDF,0xFFDF,0xFFFF,0xFFFF,0xB5B6,0x630B,0xAD52,0x0000,0xAD55,0x0000,0x0000,0x0000,0x0000,0x0000,0x0000,0x0000,0x0000,0x0000,
0x0000,0x0000,0x0000,0x0000,0x0000,0x0000,0x0000,0x0000,0x7BEF,0x0000,0x5AEA,0x736D,0xFFFF,0xFFDF,0xFFDF,0xFFDF,0xFFDF,0xFFDF,
0xFFDF,0xFFDF,0xFFFF,0xFFDF,0xD699,0x738E,0x7BCD,0x0000,0x7BEF,0x0000,0x0000,0x0000,0x0000,0x0000,0x0000,0x0000,0x0000,0x0000,
0x0000,0x0000,0x0000,0x0000,0x0000,0x0000,0x0000,0x0000,0x7BE7,0x0000,0x5289,0x62EB,0xFFFF,0xFFFF,0xFFDF,0xFFDF,0xFFDF,0xFFDF,
0xFFDF,0xFFDF,0xFFFF,0xFFDF,0xD6BA,0x73AE,0x6B2B,0x0000,0x7BEF,0x0000,0x0000,0x0000,0x0000,0x0000,0x0000,0x0000,0x0000,0x0000,
0x0000,0x0000,0x0000,0x0000,0x0000,0x0000,0x0000,0x0000,0x7BEF,0x0000,0x738C,0x6B6D,0xFFDF,0xFFDF,0xFFDF,0xFFDF,0xFFDF,0xFFDF,
0xFFDF,0xF7BE,0xFFFF,0xF79E,0xCE38,0x632C,0x842F,0x0000,0x7BEF,0x0000,0x0000,0x0000,0x0000,0x0000,0x0000,0x0000,0x0000,0x0000,
0x0000,0x0000,0x0000,0x0000,0x0000,0x0000,0x0000,0x0000,0x52AA,0x0000,0xAD73,0x52AA,0xCE79,0xFFFF,0xF7BE,0xFFDF,0xFFDF,0xF7BE,
0xFFDF,0xFFFF,0xF7BE,0xE6FB,0xA534,0x5ACA,0xCE76,0x0000,0x7BEF,0x0000,0x0000,0x0000,0x0000,0x0000,0x0000,0x0000,0x0000,0x0000,
0x0000,0x0000,0x0000,0x0000,0x0000,0x0000,0x0000,0x0000,0x0000,0x7BEF,0xFFFF,0x738C,0x6B4D,0xFFFF,0xFFFF,0xF7BE,0xFFDF,0xFFFF,
0xFFFF,0xF7BE,0xE71B,0xD6BA,0x62EB,0x7BEE,0xFFFF,0x0000,0x0000,0x0000,0x0000,0x0000,0x0000,0x0000,0x0000,0x0000,0x0000,0x0000,
0x0000,0x0000,0x0000,0x0000,0x0000,0x0000,0x0000,0x0000,0x0000,0xBDF7,0x0000,0xE759,0x632B,0x7BEF,0xEF7D,0xFFDF,0xFFDF,0xF7BE,
0xE73C,0xD69A,0xC618,0x6B2C,0x6B6C,0xFFFF,0x0000,0xAD55,0x0000,0x0000,0x0000,0x0000,0x0000,0x0000,0x0000,0x0000,0x0000,0x0000,
0x0000,0x0000,0x0000,0x0000,0x0000,0x0000,0x0000,0x0000,0x0000,0x0000,0x0000,0x9CF1,0x5AAA,0x52AA,0xE6FB,0xFFFF,0xFFDF,0xF7BE,
0xF79E,0xFFDF,0xCE59,0x528A,0x630B,0xB593,0x0000,0x0000,0x0000,0x0000,0x0000,0x0000,0x0000,0x0000,0x0000,0x0000,0x0000,0x0000,
0x0000,0x0000,0x0000,0x0000,0x0000,0x0000,0x0000,0x0000,0x0000,0xBDD5,0x632B,0x5AAA,0x94B2,0xFFFF,0xFFFF,0xFFDF,0xFFDF,0xFFFF,
0xFFFF,0xFFFF,0xFFFF,0xDEDB,0x8410,0x5289,0x73AD,0xA532,0x0000,0xFFFF,0x0000,0x0000,0x0000,0x0000,0x0000,0x0000,0x0000,0x0000,
0x0000,0x0000,0x0000,0x0000,0x0000,0x0000,0x0000,0x52AA,0x0000,0x7BAD,0x5ACB,0xDEDB,0xFFFF,0xFFDF,0xF7BE,0xFFDF,0xFFDF,0xF7BE,
0xF7BE,0xF7BE,0xFFDF,0xE71C,0xDEDA,0xB595,0x5AEB,0x842F,0x0000,0x52AA,0x0000,0x0000,0x0000,0x0000,0x0000,0x0000,0x0000,0x0000,
0x0000,0x0000,0x0000,0x0000,0x0000,0x0000,0x0000,0x52AA,0x0000,0x6B4B,0x736D,0xFFFF,0xFFFF,0xFFFF,0xFFFF,0xFFDF,0xFFFF,0xFFFF,
0xFFFF,0xFFFF,0xFFFF,0xE73C,0xDEFB,0xE73C,0x6B4D,0x738D,0x0000,0x39E7,0x0000,0x0000,0x0000,0x0000,0x0000,0x0000,0x0000,0x0000,
0x0000,0x0000,0x0000,0x0000,0x0000,0x0000,0x0000,0x7BEF,0x0000,0xA4F2,0x52AA,0x7BCF,0x9CF3,0x9492,0xBDF7,0xEF5D,0xE71C,0xE73C,
0xE71C,0xEF5D,0xAD75,0x8410,0x8C51,0x738E,0x52AA,0x9CF1,0x0000,0x52AA,0x0000,0x0000,0x0000,0x0000,0x0000,0x0000,0x0000,0x0000,
0x0000,0x0000,0x0000,0x0000,0x0000,0x0000,0x0000,0x0000,0x7BEF,0xFFFF,0x8C70,0x6B6C,0x6B4C,0x41E7,0x7BEF,0xDEBA,0xCE79,0xCE79,
0xCE59,0xDEBA,0x7BEF,0x4207,0x6B6C,0x736C,0x842F,0x0000,0x52AA,0x0000,0x0000,0x0000,0x0000,0x0000,0x0000,0x0000,0x0000,0x0000,
0x0000,0x0000,0x0000,0x0000,0x0000,0x0000,0x0000,0x0000,0x0000,0x0000,0xFFFF,0xFFFF,0xFFFF,0x6B4C,0xAD75,0xEF5D,0xD699,0xD69A,
0xCE79,0xDEDB,0x94B2,0x6B4C,0xFFFF,0xFFFF,0x0000,0x0000,0x0000,0x0000,0x0000,0x0000,0x0000,0x0000,0x0000,0x0000,0x0000,0x0000,
0x0000,0x0000,0x0000,0x0000,0x0000,0x0000,0x0000,0x0000,0x0000,0x0000,0x0000,0x0000,0x9CD1,0x52AA,0xE73C,0xFFFF,0xDEDB,0xD69A,
0xD69A,0xD6BA,0xB5B6,0x5AEB,0xA532,0x0000,0x39E7,0x0000,0x0000,0x0000,0x0000,0x0000,0x0000,0x0000,0x0000,0x0000,0x0000,0x0000,
0x0000,0x0000,0x0000,0x0000,0x0000,0x0000,0x0000,0x0000,0x0000,0x0000,0xAD55,0x0000,0x736C,0x7BCF,0xFFFF,0xFFFF,0xFFFF,0xDEDB,
0xD69A,0xD699,0xD6BA,0x6B4D,0x738D,0x0000,0x7BEF,0x0000,0x0000,0x0000,0x0000,0x0000,0x0000,0x0000,0x0000,0x0000,0x0000,0x0000,
0x0000,0x0000,0x0000,0x0000,0x0000,0x0000,0x0000,0x0000,0x0000,0x9CCC,0x0000,0xA512,0x4A69,0xD69A,0xFFFF,0xF7BE,0xFFFF,0xFFFF,
0xDEFB,0xD699,0xDEBA,0xAD34,0x5289,0xA532,0x0000,0x9CCC,0x0000,0x0000,0x0000,0x0000,0x0000,0x0000,0x0000,0x0000,0x0000,0x0000,
0x0000,0x0000,0x0000,0x0000,0x0000,0x0000,0x0000,0xFFFF,0x632C,0x0000,0xD697,0x52A9,0x9471,0xFFFF,0xF7BE,0xFFDF,0xFFDE,0xFFFF,
0xFFFF,0xE71C,0xCE79,0xDEDA,0x7BCF,0x5AEA,0xDEF9,0x0000,0x7BEA,0x0000,0x0000,0x0000,0x0000,0x0000,0x0000,0x0000,0x0000,0x0000,
0x0000,0x0000,0x0000,0x0000,0x0000,0x0000,0xFFFF,0x0000,0x0000,0xC615,0x630A,0x840F,0xFFFF,0xFFFF,0xFFDF,0xFFDF,0xFFDF,0xFFDF,
0xFFDF,0xFFFF,0xE73C,0xCE79,0xD6BA,0x6B4D,0x632B,0xCE56,0x0000,0x0000,0xFFFF,0x0000,0x0000,0x0000,0x0000,0x0000,0x0000,0x0000,
0x0000,0x0000,0x0000,0x0000,0x0000,0xFFFF,0x0000,0xFFFF,0x9CD1,0x5289,0x8430,0xFFFF,0xFFFF,0xFFDF,0xFFDF,0xFFDF,0xFFDF,0xFFDF,
0xFFDF,0xFFDF,0xFFFF,0xEF5D,0xD6BA,0xD679,0x7BAE,0x52A9,0x8C70,0x0000,0x0000,0xFFFF,0x0000,0x0000,0x0000,0x0000,0x0000,0x0000,
0x0000,0x0000,0x0000,0x0000,0x7BEF,0x0000,0xFFFF,0x7BAD,0x5AAA,0xAD35,0xFFFF,0xFFFF,0xFFDF,0xFFDF,0xFFDF,0xFFDF,0xFFDF,0xFFDF,
0xFFDF,0xFFDF,0xFFDF,0xFFDF,0xFFDF,0xEF5D,0xE6FB,0x8C30,0x5289,0x7BEE,0xFFFF,0x0000,0x7BEF,0x0000,0x0000,0x0000,0x0000,0x0000,
0x0000,0x0000,0x0000,0xFFFF,0x7BEF,0xFFFF,0x7BAD,0x632C,0xDEFC,0xFFFF,0xFFFF,0xFFDF,0xFFDF,0xFFDF,0xFFDF,0xFFDF,0xFFDF,0xFFDF,
0xFFDF,0xFFDF,0xFFDF,0xFFDF,0xFFFF,0xFFDF,0xFFDF,0xFFFF,0xD69A,0x630C,0x840E,0xFFFF,0x7BEF,0xFFFF,0x0000,0x0000,0x0000,0x0000,
0x0000,0x0000,0x0000,0x7BE7,0x0000,0x9CF1,0x5ACA,0xE71C,0xFFFF,0xFFDF,0xFFDF,0xFFDF,0xFFDF,0xFFDF,0xFFDF,0xFFDF,0xFFDF,0xFFDF,
0xFFDF,0xFFDF,0xFFDF,0xFFDF,0xFFDF,0xFFDF,0xFFFF,0xFFFF,0xFFFF,0xDEDB,0x62EB,0x94B0,0x0000,0x7BEF,0x0000,0x0000,0x0000,0x0000,
0x0000,0x0000,0x0000,0x0000,0xFFFD,0x630B,0x9492,0xFFFF,0xFFDF,0xFFDF,0xFFDF,0xFFDF,0xFFDF,0xFFDF,0xFFDF,0xFFDF,0xFFDF,0xFFDF,
0xFFDF,0xFFDF,0xFFDF,0xFFDF,0xFFDF,0xFFDF,0xFFDF,0xFFDF,0xF7BE,0xFFFF,0x9CD3,0x5AEA,0xFFFF,0x0000,0x0000,0x0000,0x0000,0x0000,
0x0000,0x0000,0x0000,0x0000,0x9CF1,0x630B,0xE73C,0xFFFF,0xF7BE,0xFFDF,0xFFDF,0xFFDF,0xFFDF,0xFFDF,0xFFDF,0xFFDF,0xFFDF,0xFFDF,
0xFFDF,0xFFDF,0xFFDF,0xFFDF,0xFFDF,0xFFDF,0xFFDF,0xFFDF,0xF7BE,0xFFFF,0xDEDB,0x5AEB,0xA512,0x0000,0x0000,0x0000,0x0000,0x0000,
0x0000,0x0000,0x0000,0x0000,0x83EE,0x73AE,0xFFDF,0xF7BE,0xF7BE,0xF7BE,0xF7BE,0xF7BE,0xF7BE,0xF7BE,0xF7BE,0xF7BE,0xF7BE,0xF7BE,
0xF7BE,0xF7BE,0xF7BE,0xF7BE,0xF7BE,0xF7BE,0xF7BE,0xF7BE,0xF7BE,0xFFDF,0xF7BE,0x6B4D,0x840E,0x0000,0x0000,0x0000,0x0000,0x0000,
0x0000,0x0000,0x0000,0x0000,0x738C,0x9491,0xFFFF,0xFFFF,0xFFFF,0xFFFF,0xFFFF,0xFFFF,0xFFFF,0xFFFF,0xFFFF,0xFFFF,0xFFFF,0xFFFF,
0xFFFF,0xFFFF,0xFFFF,0xFFFF,0xFFFF,0xFFFF,0xFFFF,0xFFFF,0xFFFF,0xFFFF,0xFFFF,0x7BEF,0x7BCD,0x0000,0x0000,0x0000,0x0000,0x0000,
0x0000,0x0000,0x0000,0x0000,0x6B6C,0x6B4D,0x9CD3,0x9CB2,0x9CD2,0x9CD2,0x9CD2,0x9CD2,0x9CD2,0x9CD2,0x9CD2,0x9CD2,0x9CD2,0x9CD2,
0x9CD2,0x9CD2,0x9CD2,0x9CD2,0x9CD2,0x9CD2,0x9CD2,0x9CD2,0x9CD2,0x9CB2,0x9CF3,0x6B4C,0x738D,0x0000,0x0000,0x0000,0x0000,0x0000,
0x0000,0x0000,0x0000,0x0000,0x9470,0x632B,0x52A9,0x52A9,0x52A9,0x52A9,0x52A9,0x52A9,0x52A9,0x52A9,0x52A9,0x52A9,0x52A9,0x52A9,
0x52A9,0x52A9,0x52A9,0x52A9,0x52A9,0x52A9,0x52A9,0x52A9,0x52A9,0x52A9,0x52A9,0x6B2B,0x94B0,0x0000,0x0000,0x0000,0x0000,0x0000,
0x0000,0x0000,0x0000,0x0000,0x0000,0x0000,0x0000,0x0000,0x0000,0x0000,0x0000,0x0000,0x0000,0x0000,0x0000,0x0000,0x0000,0x0000,
0x0000,0x0000,0x0000,0x0000,0x0000,0x0000,0x0000,0x0000,0x0000,0x0000,0x0000,0x0000,0x0000,0x0000,0x0000,0x0000,0x0000,0x0000,
};
static const uint8_t wp_mask[162] PROGMEM={
0x00,0x00,0x00,0x00,0x00,0x00,0xF8,0x00,0x00,0x00,0xE0,0x3F,0x00,0x00,0x00,0xFF,0x07,0x00,0x00,0xF8,0xFF,0x00,0x00,0x80,
0xFF,0x0F,0x00,0x00,0xFC,0xFF,0x01,0x00,0xC0,0xFF,0x1F,0x00,0x00,0xFC,0xFF,0x01,0x00,0xC0,0xFF,0x1F,0x00,0x00,0xFC,0xFF,
0x01,0x00,0x80,0xFF,0x0F,0x00,0x00,0xF8,0x7F,0x00,0x00,0x80,0xFF,0x0F,0x00,0x00,0xFC,0xFF,0x01,0x00,0xE0,0xFF,0x3F,0x00,
0x00,0xFE,0xFF,0x03,0x00,0xE0,0xFF,0x3F,0x00,0x00,0xFC,0xFF,0x01,0x00,0x00,0xFF,0x07,0x00,0x00,0xF0,0x7F,0x00,0x00,0x00,
0xFF,0x07,0x00,0x00,0xF8,0xFF,0x00,0x00,0xC0,0xFF,0x1F,0x00,0x00,0xFE,0xFF,0x03,0x00,0xF0,0xFF,0x7F,0x00,0x80,0xFF,0xFF,
0x0F,0x00,0xFC,0xFF,0xFF,0x01,0xE0,0xFF,0xFF,0x3F,0x00,0xFE,0xFF,0xFF,0x03,0xF0,0xFF,0xFF,0x7F,0x00,0xFF,0xFF,0xFF,0x07,
0xF0,0xFF,0xFF,0x7F,0x00,0xFF,0xFF,0xFF,0x07,0xF0,0xFF,0xFF,0x7F,0x00,0x00,0x00,0x00,0x00,
};
static const uint16_t wn_pix[1296] PROGMEM={
0x0000,0x0000,0x0000,0x0000,0x0000,0x0000,0x0000,0x0000,0x0000,0x0000,0x0000,0x0000,0x0000,0xB7ED,0x0000,0x0000,0x0000,0x0000,
0x0000,0x0000,0x0000,0x0000,0x0000,0x0000,0x0000,0x0000,0x0000,0x0000,0x0000,0x0000,0x0000,0x0000,0x0000,0x0000,0x0000,0x0000,
0x0000,0x0000,0x0000,0x0000,0x0000,0x0000,0x0000,0x0000,0x0000,0x0000,0x0000,0xAEAF,0x4A87,0x4248,0x4A87,0x0000,0x39E7,0x07E0,
0x0000,0x0000,0x0000,0x0000,0x0000,0x0000,0x0000,0x0000,0x0000,0x0000,0x0000,0x0000,0x0000,0x0000,0x0000,0x0000,0x0000,0x0000,
0x0000,0x0000,0x0000,0x0000,0x0000,0x0000,0x0000,0x0000,0x0000,0x39E7,0x0000,0x3A25,0x738D,0xCE59,0x5AEB,0x3A25,0x0000,0x0000,
0x52AA,0x39E7,0x52AA,0x0000,0x0000,0x0000,0x0000,0x0000,0x0000,0x0000,0x0000,0x0000,0x0000,0x0000,0x0000,0x0000,0x0000,0x0000,
0x0000,0x0000,0x0000,0x0000,0x0000,0x0000,0x0000,0x0000,0x0000,0x3186,0x0000,0x31E5,0xA534,0xFFFF,0xDEFB,0x5ACA,0x3A05,0x8E2C,
0x0000,0x0000,0x0000,0x0000,0x52AA,0x0000,0x0000,0x0000,0x0000,0x0000,0x0000,0x0000,0x0000,0x0000,0x0000,0x0000,0x0000,0x0000,
0x0000,0x0000,0x0000,0x0000,0x0000,0x0000,0x0000,0x0000,0x03E0,0x0000,0xD7F5,0x39E6,0xCE79,0xFFFF,0xFFFF,0xDEFB,0x5AEB,0x4227,
0x39E6,0x3A25,0x4AE7,0x0000,0x0000,0x0000,0x07E0,0x0000,0x0000,0x0000,0x0000,0x0000,0x0000,0x0000,0x0000,0x0000,0x0000,0x0000,
0x0000,0x0000,0x0000,0x0000,0x0000,0x0000,0x0000,0x07E0,0x0000,0xBF31,0x3205,0x7BCF,0xFFFF,0xFFFF,0xF7BE,0xFFFF,0xF77E,0xD69A,
0xB5B6,0x8430,0x52A9,0x3A26,0x4AC7,0x0000,0x0000,0x52AA,0x0000,0x0000,0x0000,0x0000,0x0000,0x0000,0x0000,0x0000,0x0000,0x0000,
0x0000,0x0000,0x0000,0x0000,0x0000,0x0000,0x0000,0x0000,0xFFF7,0x3A26,0x7BEF,0xF7BE,0xFFDF,0xF7BE,0xFFBE,0xF7BE,0xFFDF,0xFFFF,
0xFFFF,0xFFFF,0xE71C,0x9CF3,0x5ACA,0x4247,0x746A,0x0000,0x52AA,0x0000,0x0000,0x0000,0x0000,0x0000,0x0000,0x0000,0x0000,0x0000,
0x0000,0x0000,0x0000,0x0000,0x0000,0x0000,0x52AA,0x0000,0x3A66,0x738E,0xFFFF,0xFFFF,0xFFFF,0xFFFF,0xFFFF,0xFFDF,0xFFDF,0xF7BE,
0xF7BE,0xF7BE,0xFFFF,0xFFFF,0xDEBB,0x7BCF,0x4227,0x5B68,0x0000,0x52AA,0x0000,0x0000,0x0000,0x0000,0x0000,0x0000,0x0000,0x0000,
0x0000,0x0000,0x0000,0x0000,0x0000,0x0000,0x0000,0xAF0E,0x4227,0xD67A,0xFFFF,0xFFDF,0xE71C,0x8410,0xBDD7,0xFFFF,0xFFDF,0xFFDF,
0xFFDF,0xFFDF,0xFFDF,0xF7BE,0xFFFF,0xEF5D,0x8C71,0x4247,0x63C8,0x0000,0x52AA,0x0000,0x0000,0x0000,0x0000,0x0000,0x0000,0x0000,
0x0000,0x0000,0x0000,0x0000,0x0000,0x554A,0x0000,0x42A6,0x6B4C,0xFFDF,0xFFDF,0xFFDF,0x62EB,0x18A2,0x5269,0xF7BE,0xFFDF,0xFFDF,
0xFFDF,0xFFDF,0xFFDF,0xFFDF,0xFFDF,0xFFDF,0xE73C,0x8C51,0x4227,0x95AD,0x52AA,0x0000,0x0000,0x0000,0x0000,0x0000,0x0000,0x0000,
0x0000,0x0000,0x0000,0x0000,0x0000,0x52AA,0x0000,0x3A25,0x9CF3,0xFFFF,0xFFFF,0xDEDB,0x8430,0x9471,0xC638,0xFFFF,0xFFDF,0xFFDF,
0xFFDF,0xFFDF,0xFFDF,0xFFDF,0xFFDF,0xFFDF,0xF77D,0xDEDA,0x738E,0x4246,0x0000,0x52AA,0x0000,0x0000,0x0000,0x0000,0x0000,0x0000,
0x0000,0x0000,0x0000,0x0000,0x7BEF,0x0000,0x6BE9,0x4A68,0xDEDB,0xFFFF,0xF7BE,0xF7BE,0xFFFF,0xFFFF,0xFFFF,0xFFDF,0xFFDF,0xFFDF,
0xFFDF,0xFFDF,0xFFDF,0xFFDF,0xFFDF,0xFFDF,0xFFDF,0xE71B,0xBDD7,0x4A68,0x5347,0x0000,0x7BEF,0x0000,0x0000,0x0000,0x0000,0x0000,
0x0000,0x0000,0x0000,0x0000,0x39E7,0x0000,0x3A05,0x8C71,0xFFFF,0xFFDF,0xFFDF,0xFFDF,0xF7BE,0xF7BE,0xF7BE,0xFFDF,0xFFDF,0xFFDF,
0xEF5D,0xEF7D,0xFFDF,0xFFDF,0xFFDF,0xFFDF,0xFFFF,0xE73C,0xDEDA,0x8410,0x4246,0x0000,0x52AA,0x0000,0x0000,0x0000,0x0000,0x0000,
0x0000,0x0000,0x0000,0x52AA,0x0000,0x42A7,0x5AEB,0xEF7D,0xFFFF,0xF7BE,0xFFDF,0xFFDF,0xFFDF,0xFFDF,0xFFDF,0xFFDF,0xFFDF,0xFFDF,
0xD69A,0xEF7D,0xFFDF,0xFFDF,0xFFDF,0xFFDF,0xFFDF,0xEF7D,0xD6BA,0xB596,0x4A68,0x646A,0x0000,0x07E0,0x0000,0x0000,0x0000,0x0000,
0x0000,0x0000,0x7BE0,0x0000,0x6BCA,0x4227,0xCE39,0xFFFF,0xF7BE,0xFFDF,0xFFDF,0xFFDF,0xFFDF,0xFFDF,0xFFDF,0xFFDF,0xFFDF,0xD69A,
0xD699,0xF79E,0xFFDF,0xFFDF,0xFFDF,0xFFDF,0xFFDF,0xF79E,0xD699,0xD679,0x632B,0x42A6,0x0000,0x52AA,0x0000,0x0000,0x0000,0x0000,
0x0000,0x0000,0x7BEF,0x0000,0x31C5,0x9CB2,0xFFFF,0xF7BE,0xFFDF,0xFFDF,0xFFDF,0xFFDF,0xFFDF,0xF7BE,0xF7BE,0xFFFF,0x9CD3,0x5ACA,
0xDEBA,0xF7BE,0xFFDF,0xFFDF,0xFFDF,0xFFDF,0xFFDF,0xF79E,0xD679,0xDEDB,0x840F,0x3A26,0x0000,0x39E7,0x0000,0x0000,0x0000,0x0000,
0x0000,0x0000,0x0000,0x31E5,0x6B4C,0xFFDF,0xFFDF,0xFFDF,0xFFDF,0xFFDF,0xF7BE,0xFFDF,0xFFDF,0xFFFF,0xFFFF,0xA534,0x4227,0x4227,
0xC618,0xFFFF,0xF7BE,0xFFDF,0xFFDF,0xFFDF,0xFFDF,0xF79E,0xCE79,0xDEDB,0x9CB2,0x4246,0x0000,0x0000,0x0000,0x0000,0x0000,0x0000,
0x0000,0x0000,0x666C,0x4207,0xD69A,0xFFFF,0xF7BE,0xFFDF,0xFFDF,0xF7BE,0xDEFB,0xE73C,0xFFBF,0xE71C,0x8C50,0x4227,0x8D4C,0x4206,
0xCE59,0xFFFF,0xF7BE,0xFFDF,0xFFDF,0xFFDF,0xFFDF,0xEF7D,0xCE79,0xDEDA,0xA534,0x4247,0x0000,0x0000,0x0000,0x0000,0x0000,0x0000,
0x0000,0x0000,0x5467,0x4A48,0xEF5D,0xFFFF,0xF7BE,0xF7BE,0xFFDF,0xEF7D,0xA514,0x6B6D,0x6B4C,0x5289,0x4246,0xFFFF,0x31E5,0x5AEB,
0xF7BE,0xFFDF,0xFFDF,0xFFDF,0xFFDF,0xFFDF,0xFFFF,0xE71C,0xCE79,0xDEDA,0xB575,0x4227,0x0000,0x0000,0x0000,0x0000,0x0000,0x0000,
0x0000,0x0000,0xFFFF,0x3A26,0x9492,0xFFDF,0xFFFF,0xFFFF,0xFFFF,0xB596,0x39E7,0x3A05,0x31E4,0x4AE6,0x0000,0x4287,0x4207,0xCE38,
0xFFFF,0xF7BE,0xFFDF,0xFFDF,0xFFDF,0xFFDF,0xFFDF,0xD6BA,0xCE79,0xDEBA,0xB595,0x4207,0x0000,0x0000,0x0000,0x0000,0x0000,0x0000,
0x0000,0x0000,0x0000,0x6409,0x4267,0x6B4C,0xA534,0xD6BA,0xD67A,0x5ACA,0x4286,0x0000,0x0000,0x0000,0x4266,0x4A68,0xBDF7,0xFFFF,
0xFFDF,0xFFDF,0xFFDF,0xFFDF,0xFFDF,0xFFFF,0xEF5D,0xCE79,0xD679,0xDEDA,0xAD34,0x4247,0x0000,0x0000,0x0000,0x0000,0x0000,0x0000,
0x0000,0x0000,0x0000,0x0000,0xFFFF,0x42C6,0x3A26,0x4A68,0x4A88,0x4AA7,0x0000,0x2124,0x0000,0x4266,0x5ACA,0xD69A,0xFFFF,0xF7BE,
0xFFDF,0xFFDF,0xFFDF,0xFFDF,0xFFDF,0xF7BE,0xD69A,0xD679,0xCE79,0xDEDB,0x9492,0x3A06,0x0000,0x52AA,0x0000,0x0000,0x0000,0x0000,
0x0000,0x0000,0x0000,0xFFE0,0x0000,0x0000,0x0000,0x7EEB,0x6408,0x0000,0x3186,0x0000,0x4246,0x632C,0xE73C,0xFFFF,0xF7BE,0xFFDF,
0xFFDF,0xFFDF,0xFFDF,0xFFDF,0xFFDF,0xDEFB,0xCE79,0xD699,0xCE79,0xDEDB,0x7BCE,0x3A46,0x0000,0x39E7,0x0000,0x0000,0x0000,0x0000,
0x0000,0x0000,0x0000,0x0000,0x0000,0x52AA,0x52AA,0x0000,0x0000,0x3186,0x0000,0x3A26,0x630B,0xEF5D,0xFFFF,0xF7BE,0xFFDF,0xFFDF,
0xFFDF,0xFFDF,0xFFDF,0xFFFF,0xEF5D,0xCE79,0xD699,0xD699,0xD699,0xCE79,0x5B0B,0x4AC6,0x0000,0x52AA,0x0000,0x0000,0x0000,0x0000,
0x0000,0x0000,0x0000,0x0000,0x0000,0x0000,0x0000,0x0000,0x3BE7,0x0000,0x4AE7,0x4A48,0xDEDB,0xFFFF,0xF7BE,0xF7BE,0xF7BE,0xF7BE,
0xF7BE,0xF7BE,0xFFDF,0xF79E,0xD699,0xCE79,0xD679,0xCE79,0xD6BA,0xB5B6,0x4A68,0x6428,0x0000,0x07E0,0x0000,0x0000,0x0000,0x0000,
0x0000,0x0000,0x0000,0x0000,0x0000,0x0000,0x0000,0x0000,0x3186,0xFFFF,0x39E5,0xA534,0xFFFF,0xFFFF,0xFFFF,0xFFFF,0xFFFF,0xFFFF,
0xFFFF,0xFFFF,0xFFFF,0xEF7D,0xDEDA,0xDEDB,0xDEDA,0xD69A,0xDEFB,0x9CB2,0x4226,0xAFEA,0x0000,0x0000,0x0000,0x0000,0x0000,0x0000,
0x0000,0x0000,0x0000,0x0000,0x0000,0x0000,0x0000,0x39E7,0x0000,0x5BC7,0x5289,0xDEDB,0xDEDB,0xCE59,0xBDF7,0xB5B6,0xAD75,0xAD55,
0xA534,0xA534,0xAD34,0x9CB2,0x9CD3,0xA514,0xAD75,0xBDB6,0xCE79,0x73AE,0x4AA6,0x0000,0x3326,0x0000,0x0000,0x0000,0x0000,0x0000,
0x0000,0x0000,0x0000,0x0000,0x0000,0x0000,0x7BEF,0x0000,0x4AE7,0x3A06,0x4A49,0x6B2C,0x6B4D,0x738E,0x7BEF,0x8430,0x8C51,0x8C71,
0x9471,0x8C71,0x8C51,0x8C50,0x8410,0x7BCE,0x736D,0x6B2C,0x630B,0x4208,0x4266,0x6429,0x0000,0xFFE0,0x0000,0x0000,0x0000,0x0000,
0x0000,0x0000,0x0000,0x0000,0x0000,0x7BEF,0x0000,0x4AA7,0x4A89,0xA4F4,0xDEBB,0xEF7D,0xFFFF,0xFFFF,0xFFFF,0xFFFF,0xFFFF,0xFFFF,
0xFFFF,0xFFFF,0xFFFF,0xFFFF,0xFFFF,0xFFFF,0xFFFF,0xFFDF,0xEF5D,0xCE59,0x8410,0x4247,0x63C9,0xF81F,0x7BE0,0x0000,0x0000,0x0000,
0x0000,0x0000,0x0000,0x0000,0x0000,0x0000,0x746A,0x4A67,0xC5F8,0xFFFF,0xFFFF,0xFFFF,0xFFDF,0xFFDF,0xFFDF,0xF7BE,0xF7BE,0xF7BE,
0xF7BE,0xF7BE,0xF7BE,0xF7BE,0xFFDF,0xFFDF,0xFFDF,0xFFFF,0xFFFF,0xFFFF,0xFFFF,0x8C51,0x3A25,0x0000,0x52AA,0x0000,0x0000,0x0000,
0x0000,0x0000,0x0000,0x0000,0x39E7,0x0000,0x3A65,0x6B8D,0xFFFF,0xF7BE,0xF7BE,0xFFDF,0xFFDF,0xFFDF,0xFFDF,0xFFDF,0xFFDF,0xFFDF,
0xFFDF,0xFFDF,0xFFDF,0xFFDF,0xFFDF,0xFFDF,0xFFDF,0xFFDF,0xFFDF,0xF7BE,0xFFFF,0xD6BA,0x5289,0xDF17,0xFFFF,0x0000,0x0000,0x0000,
0x0000,0x0000,0x0000,0x0000,0x3BE7,0x0000,0x3A65,0x8C50,0xFFFF,0xF7BE,0xF7BE,0xF7BE,0xF7BE,0xF7BE,0xF7BE,0xF7BE,0xF7BE,0xF7BE,
0xF7BE,0xF7BE,0xF7BE,0xF7BE,0xF7BE,0xF7BE,0xF7BE,0xF7BE,0xF7BE,0xF7BE,0xFFDF,0xE71C,0x6B4C,0xDED8,0xFFFF,0x0000,0x0000,0x0000,
0x0000,0x0000,0x0000,0x0000,0x39E7,0x0000,0x3A25,0x9492,0xFFFF,0xFFFF,0xFFFF,0xFFFF,0xFFFF,0xFFFF,0xFFFF,0xFFFF,0xFFFF,0xFFFF,
0xFFFF,0xFFFF,0xFFFF,0xFFFF,0xFFFF,0xFFFF,0xFFFF,0xFFFF,0xFFFF,0xFFFF,0xFFFF,0xFFDF,0x6B4C,0xC634,0x7DEB,0x0000,0x0000,0x0000,
0x0000,0x0000,0x0000,0x0000,0x3BE7,0x0000,0x4AA7,0x73AD,0xAD75,0xAD55,0xAD55,0xAD55,0xAD55,0xAD55,0xAD55,0xAD55,0xAD55,0xAD55,
0xAD55,0xAD55,0xAD55,0xAD55,0xAD55,0xAD55,0xAD55,0xAD55,0xAD55,0xAD55,0xAD75,0xA513,0x632B,0xD6B7,0xFFFF,0x0000,0x0000,0x0000,
0x0000,0x0000,0x0000,0x0000,0x7BEF,0x0000,0x5B69,0x4AC8,0x3A46,0x4246,0x4246,0x4246,0x4246,0x4246,0x4246,0x4246,0x4246,0x4246,
0x4246,0x4246,0x4246,0x4246,0x4246,0x4246,0x4246,0x4246,0x4246,0x4246,0x4246,0x3A46,0x5B29,0xDEF8,0xFFFD,0x0000,0x0000,0x0000,
0x0000,0x0000,0x0000,0x0000,0x0000,0x0000,0x0000,0x0000,0x0000,0x0000,0x0000,0x0000,0x0000,0x0000,0x0000,0x0000,0x0000,0x0000,
0x0000,0x0000,0x0000,0x0000,0x0000,0x0000,0x0000,0x0000,0x0000,0x0000,0x0000,0x0000,0x0000,0x0000,0xFFEF,0x0000,0x0000,0x0000,
};
static const uint8_t wn_mask[162] PROGMEM={
0x00,0x00,0x00,0x00,0x00,0x00,0x07,0x00,0x00,0x00,0xF8,0x00,0x00,0x00,0x80,0x1F,0x00,0x00,0x00,0xF8,0x1F,0x00,0x00,0xC0,
0xFF,0x07,0x00,0x00,0xFE,0xFF,0x00,0x00,0xF0,0xFF,0x3F,0x00,0x00,0xFF,0xFF,0x07,0x00,0xF8,0xFF,0x7F,0x00,0x80,0xFF,0xFF,
0x0F,0x00,0xFC,0xFF,0xFF,0x01,0xC0,0xFF,0xFF,0x1F,0x00,0xFE,0xFF,0xFF,0x01,0xE0,0xFF,0xFF,0x3F,0x00,0xFF,0xFF,0xFF,0x03,
0xF8,0xFF,0xFF,0x3F,0x80,0xFF,0xEF,0xFF,0x03,0xF8,0x7F,0xFF,0x3F,0x80,0xFF,0xF9,0xFF,0x03,0xF8,0xC7,0xFF,0x3F,0x00,0x3E,
0xFE,0xFF,0x03,0x00,0xF1,0xFF,0x3F,0x00,0x80,0xFF,0xFF,0x03,0x00,0xFC,0xFF,0x1F,0x00,0xC0,0xFF,0xFF,0x01,0x00,0xFC,0xFF,
0x1F,0x00,0xF0,0xFF,0xFF,0x03,0x80,0xFF,0xFF,0x7F,0x00,0xF8,0xFF,0xFF,0x07,0xC0,0xFF,0xFF,0xFF,0x00,0xFC,0xFF,0xFF,0x0F,
0xC0,0xFF,0xFF,0xFF,0x00,0xFC,0xFF,0xFF,0x0F,0xC0,0xFF,0xFF,0xFF,0x00,0x00,0x00,0x00,0x00,
};
static const uint16_t wb_pix[1296] PROGMEM={
0x0000,0x0000,0x0000,0x0000,0x0000,0x0000,0x0000,0x0000,0x0000,0x0000,0x0000,0x0000,0x0000,0xFFFF,0x0000,0x0000,0xFFFF,0xFFFF,
0x0000,0x0000,0x7BEF,0x0000,0x0000,0x0000,0x0000,0x0000,0x0000,0x0000,0x0000,0x0000,0x0000,0x0000,0x0000,0x0000,0x0000,0x0000,
0x0000,0x0000,0x0000,0x0000,0x0000,0x0000,0x0000,0x0000,0x0000,0x0000,0x0000,0x0000,0x7BEF,0x0000,0xE739,0x7BEE,0x5AEA,0x5AEA,
0x736C,0xBDF5,0x0000,0x7BEF,0x0000,0x0000,0x0000,0x0000,0x0000,0x0000,0x0000,0x0000,0x0000,0x0000,0x0000,0x0000,0x0000,0x0000,
0x0000,0x0000,0x0000,0x0000,0x0000,0x0000,0x0000,0x0000,0x0000,0x0000,0x0000,0x0000,0xFFE0,0xFFFF,0x738D,0x7BCF,0xD6BA,0xDEFB,
0x8C51,0x632B,0xC636,0x0000,0x7BEF,0x0000,0x0000,0x0000,0x0000,0x0000,0x0000,0x0000,0x0000,0x0000,0x0000,0x0000,0x0000,0x0000,
0x0000,0x0000,0x0000,0x0000,0x0000,0x0000,0x0000,0x0000,0x0000,0x0000,0x0000,0x7BEF,0x0000,0x842E,0x6B4C,0xFFFF,0xFFFF,0xFFFF,
0xFFFF,0x7BCE,0x738D,0x0000,0x52AA,0x0000,0x0000,0x0000,0x0000,0x0000,0x0000,0x0000,0x0000,0x0000,0x0000,0x0000,0x0000,0x0000,
0x0000,0x0000,0x0000,0x0000,0x0000,0x0000,0x0000,0x0000,0x0000,0x0000,0x0000,0x39E7,0x0000,0x7BCD,0x9492,0xFFFF,0xF7BE,0xF7BE,
0xEF7D,0x8410,0x6B6C,0x0000,0x0000,0x0000,0x0000,0x0000,0x0000,0x0000,0x0000,0x0000,0x0000,0x0000,0x0000,0x0000,0x0000,0x0000,
0x0000,0x0000,0x0000,0x0000,0x0000,0x0000,0x0000,0x0000,0x0000,0x0000,0x0000,0x7BEF,0x7BEF,0x840E,0x840F,0xF7BE,0xFFDF,0xFFFF,
0xAD34,0x5AAA,0xAD73,0x7BEF,0xAD4A,0x0000,0x0000,0x0000,0x0000,0x0000,0x0000,0x0000,0x0000,0x0000,0x0000,0x0000,0x0000,0x0000,
0x0000,0x0000,0x0000,0x0000,0x0000,0x0000,0x0000,0x0000,0x0000,0x0000,0x0000,0x9CCC,0x0000,0xCE76,0x4A68,0xB5B6,0xFFFF,0xE73C,
0x62EB,0x9490,0x0000,0x0000,0x0000,0x0000,0x0000,0x0000,0x0000,0x0000,0x0000,0x0000,0x0000,0x0000,0x0000,0x0000,0x0000,0x0000,
0x0000,0x0000,0x0000,0x0000,0x0000,0x0000,0x0000,0x0000,0x0000,0x0000,0x7BEF,0x0000,0xBDD4,0x632B,0x9492,0xFFDF,0xFFFF,0x8C51,
0x630B,0xFFFF,0xBDD4,0xA512,0x0000,0x0000,0xFFFF,0x0000,0x0000,0x0000,0x0000,0x0000,0x0000,0x0000,0x0000,0x0000,0x0000,0x0000,
0x0000,0x0000,0x0000,0x0000,0x0000,0x0000,0x0000,0x0000,0x0000,0xAD55,0x0000,0xC635,0x630B,0xA534,0xFFFF,0xFFFF,0xE73C,0x632C,
0x7BEE,0x0000,0x842F,0x5ACA,0x7BAD,0x0000,0x0000,0xFFFF,0x0000,0x0000,0x0000,0x0000,0x0000,0x0000,0x0000,0x0000,0x0000,0x0000,
0x0000,0x0000,0x0000,0x0000,0x0000,0x0000,0x0000,0x0000,0x7BEF,0x0000,0xEFBB,0x5ACA,0xA514,0xFFFF,0xFFDF,0xFFFF,0xA534,0x52AA,
0xFFFF,0xCED6,0x6B2C,0xB576,0x632C,0x7BEE,0x0000,0x7BEF,0x0000,0x0000,0x0000,0x0000,0x0000,0x0000,0x0000,0x0000,0x0000,0x0000,
0x0000,0x0000,0x0000,0x0000,0x0000,0x0000,0x0000,0x0000,0x52AA,0xFFFF,0x630B,0x8410,0xFFFF,0xFFDF,0xFFDF,0xEF7D,0x8430,0x5ACA,
0x0000,0x7BEE,0x7BCF,0xFFFF,0xD6BA,0x5ACA,0x7BEE,0x0000,0x7BEF,0x0000,0x0000,0x0000,0x0000,0x0000,0x0000,0x0000,0x0000,0x0000,
0x0000,0x0000,0x0000,0x0000,0x0000,0x0000,0x0000,0xAD4A,0x0000,0x840E,0x73AE,0xFFDF,0xFFDF,0xFFFF,0xF7BE,0xD699,0x6B6D,0x6B4C,
0xFFFF,0x62EB,0xB596,0xFFFF,0xFFFF,0xC618,0x4A48,0xAD73,0x0000,0x52AA,0x0000,0x0000,0x0000,0x0000,0x0000,0x0000,0x0000,0x0000,
0x0000,0x0000,0x0000,0x0000,0x0000,0x0000,0x52AA,0x0000,0xD697,0x5AEB,0xDEBB,0xFFFF,0xF7BE,0xFFDF,0xEF5D,0xBDD7,0x5ACA,0xA572,
0xFFFF,0x632B,0xDEDB,0xFFFF,0xF7BE,0xFFFF,0x7BEF,0x630B,0xFFFF,0x7BEF,0xFFE0,0x0000,0x0000,0x0000,0x0000,0x0000,0x0000,0x0000,
0x0000,0x0000,0x0000,0x0000,0x0000,0x0000,0x52AA,0x0000,0x736C,0x8410,0xFFFF,0xFFDF,0xFFDF,0xFFDF,0xE71C,0xAD55,0x5ACA,0xFFFF,
0x840D,0x736D,0xF79E,0xFFDF,0xF7BE,0xFFFF,0xDEDB,0x62EB,0xA532,0x0000,0x7BEF,0x0000,0x0000,0x0000,0x0000,0x0000,0x0000,0x0000,
0x0000,0x0000,0x0000,0x0000,0x0000,0xFFFF,0x0000,0xDED8,0x632B,0xDEFB,0xFFFF,0xF7BE,0xFFFF,0xF7BE,0xDEFB,0x9CF3,0x5AEA,0x0000,
0x632A,0x840F,0xFFFF,0xFFDF,0xF7BE,0xFFDF,0xFFDF,0x8410,0x6B2B,0xFFFF,0x0000,0x0000,0x0000,0x0000,0x0000,0x0000,0x0000,0x0000,
0x0000,0x0000,0x0000,0x0000,0x0000,0x7BEF,0x0000,0x840E,0x7BEF,0xFFFF,0xFFDF,0xFFDE,0xFFFF,0xF7BE,0xDEFB,0x94B2,0x5289,0xFFFF,
0x6B4B,0x9492,0xFFFF,0xFFDF,0xFFDF,0xFFDF,0xFFBE,0xBDB6,0x5AEA,0xBDD5,0x0000,0xAD55,0x0000,0x0000,0x0000,0x0000,0x0000,0x0000,
0x0000,0x0000,0x0000,0x0000,0x0000,0x52A0,0x0000,0x6B4C,0xB596,0xFFFF,0xF7BE,0xFFDF,0xFFFF,0xF7BE,0xE6FB,0x8430,0x6B4B,0x0000,
0x6B6C,0xAD55,0xFFFF,0xF7BE,0xFFDF,0xFFDF,0xF7BE,0xD6BA,0x6B6D,0x842F,0x0000,0x7BEF,0x0000,0x0000,0x0000,0x0000,0x0000,0x0000,
0x0000,0x0000,0x0000,0x0000,0x0000,0x0000,0x0000,0x5AEA,0xC5F7,0xFFFF,0xF7BE,0xFFDF,0xFFDF,0xFFDF,0xE71C,0x840F,0x9490,0x0000,
0x6B4B,0x9CD2,0xFFFF,0xFFDF,0xFFDF,0xFFDF,0xF7BE,0xDEDB,0x7BCE,0x738C,0x0000,0x52AA,0x0000,0x0000,0x0000,0x0000,0x0000,0x0000,
0x0000,0x0000,0x0000,0x0000,0x7BEF,0x0000,0xFFFF,0x6B4C,0xCE79,0xFFFF,0xF7BE,0xFFDF,0xFFDF,0xFFFF,0xF7BE,0x62EB,0x4A69,0x6B4C,
0x4207,0x8C51,0xFFFF,0xFFDF,0xFFDF,0xFFDF,0xF79E,0xDEDB,0x83EF,0x7BCD,0x0000,0x0000,0x0000,0x0000,0x0000,0x0000,0x0000,0x0000,
0x0000,0x0000,0x0000,0x0000,0xFFFF,0x0000,0xFFFF,0x6B4C,0xCE59,0xFFFF,0xF7BE,0xFFDF,0xFFDF,0xFFDF,0xFFDF,0xCE59,0xBDD7,0xBDD7,
0xBDD7,0xE71C,0xFFDF,0xFFDF,0xF7BE,0xFFFF,0xEF5D,0xDEBA,0x83EF,0x7BCD,0x0000,0x0000,0x0000,0x0000,0x0000,0x0000,0x0000,0x0000,
0x0000,0x0000,0x0000,0x0000,0x0000,0x0000,0x0000,0x5AEA,0xC618,0xFFFF,0xF7BE,0xFFDF,0xFFDF,0xFFDF,0xFFDF,0xFFFF,0xFFFF,0xFFFF,
0xFFFF,0xFFFF,0xFFDF,0xFFDF,0xFFDF,0xFFDF,0xDEFB,0xD6BA,0x7BAE,0x738D,0x0000,0x7BE7,0x0000,0x0000,0x0000,0x0000,0x0000,0x0000,
0x0000,0x0000,0x0000,0x0000,0x0000,0x0000,0x0000,0x738C,0xA514,0xFFFF,0xF7BE,0xFFDF,0xFFDF,0xFFDF,0xFFDF,0xF7BE,0xF7BE,0xF7BE,
0xF7BE,0xF7BE,0xFFDF,0xFFDF,0xFFFF,0xF7BE,0xD699,0xD699,0x6B4C,0x8C4F,0x0000,0x7BEF,0x0000,0x0000,0x0000,0x0000,0x0000,0x0000,
0x0000,0x0000,0x0000,0x0000,0x0000,0x7BEF,0x0000,0x840E,0x8430,0xFFFF,0xFFDF,0xFFDF,0xFFDF,0xFFDF,0xFFDF,0xFFDF,0xFFDF,0xFFDF,
0xFFDF,0xFFDF,0xFFDF,0xFFDF,0xFFDF,0xDEFB,0xD6BA,0xBDD6,0x5AEB,0xB5D4,0x0000,0xAD55,0x0000,0x0000,0x0000,0x0000,0x0000,0x0000,
0x0000,0x0000,0x0000,0x0000,0x0000,0xFFFF,0x0000,0xCE56,0x6B4C,0xDEFB,0xFFFF,0xF7BE,0xFFDF,0xFFDF,0xFFDF,0xFFDF,0xFFDF,0xFFDF,
0xFFDF,0xFFDF,0xFFDF,0xFFFF,0xEF3C,0xCE79,0xDEFB,0x8C51,0x630B,0xFFFF,0x0000,0xFFFF,0x0000,0x0000,0x0000,0x0000,0x0000,0x0000,
0x0000,0x0000,0x0000,0x0000,0x0000,0x0000,0x52AA,0x0000,0x6B2B,0x8C51,0xFFFF,0xF7BE,0xFFDF,0xFFDF,0xFFDF,0xFFDF,0xFFDF,0xFFDF,
0xF7BE,0xFFFF,0xFFDF,0xEF5D,0xD699,0xD69A,0xCE79,0x630B,0x9CD1,0x0000,0x7BEF,0x0000,0x0000,0x0000,0x0000,0x0000,0x0000,0x0000,
0x0000,0x0000,0x0000,0x0000,0x0000,0x0000,0xAD4A,0x52AA,0xBDB4,0x630B,0xCE79,0xFFFF,0xFFDF,0xFFFF,0xFFFF,0xFFFF,0xFFFF,0xFFFF,
0xFFFF,0xFFFF,0xE73C,0xD699,0xD699,0xDEFB,0x7BEF,0x630B,0xFFFF,0xAD55,0xFFFF,0x0000,0x0000,0x0000,0x0000,0x0000,0x0000,0x0000,
0x0000,0x0000,0x0000,0x0000,0x0000,0x0000,0x0000,0x0000,0x0000,0x9CF1,0x632C,0xE71C,0xFFFF,0xF79E,0xEF7D,0xE73C,0xE73C,0xE73C,
0xDEFB,0xC638,0xC638,0xD699,0xD6BA,0x9CB2,0x5AEA,0xEF7B,0x0000,0x0000,0x52AA,0x0000,0x0000,0x0000,0x0000,0x0000,0x0000,0x0000,
0x0000,0x0000,0x0000,0x0000,0x0000,0x0000,0x0000,0xB593,0x73AD,0x6B4C,0x4A48,0x4A49,0x6B2C,0x5ACA,0x6B4D,0x632C,0x6B2C,0x6B2C,
0x630B,0x632C,0x630C,0x5ACB,0x630C,0x41E7,0x52A9,0x630B,0x73AC,0xDF18,0x0000,0x0000,0x0000,0x0000,0x0000,0x0000,0x0000,0x0000,
0x0000,0x0000,0x0000,0x0000,0x7BEF,0xFFFF,0x840E,0x632B,0x8430,0xAD55,0xCE59,0xDEFB,0xDEDB,0xE73C,0xEF7D,0xF79E,0xF79E,0xF7BE,
0xF7BE,0xF79E,0xEF7D,0xE73C,0xDEDB,0xDEBA,0xBDF7,0xA514,0x73AE,0x632B,0xA532,0x0000,0x7BEF,0x0000,0x0000,0x0000,0x0000,0x0000,
0x0000,0x0000,0x0000,0x0000,0x0000,0x840E,0x7BAE,0xDEFB,0xFFFF,0xFFFF,0xFFFF,0xFFFF,0xFFFF,0xFFFF,0xFFFF,0xFFFF,0xFFFF,0xFFFF,
0xFFFF,0xFFFF,0xFFFF,0xFFFF,0xFFFF,0xFFFF,0xFFFF,0xFFFF,0xFFFF,0xAD75,0x5AEA,0xB594,0x0000,0x0000,0x0000,0x0000,0x0000,0x0000,
0x0000,0x0000,0x0000,0x0000,0xFFFF,0x5AEA,0xC618,0xFFFF,0xF7BE,0xF7BE,0xF7BE,0xF7BE,0xF7BE,0xF7BE,0xFFDF,0xFFDF,0xFFDF,0xFFDF,
0xFFDF,0xFFDF,0xFFDF,0xF7BE,0xF7BE,0xF7BE,0xF7BE,0xF7BE,0xFFDF,0xFFFF,0x83EF,0x738C,0x0000,0x0000,0x0000,0x0000,0x0000,0x0000,
0x0000,0x0000,0x0000,0x0000,0xFFFF,0x5ACA,0xDEDB,0xFFDF,0xF7BE,0xF7BE,0xF7BE,0xF7BE,0xF7BE,0xF7BE,0xF7BE,0xF7BE,0xF7BE,0xF7BE,
0xF7BE,0xF7BE,0xF7BE,0xF7BE,0xF7BE,0xF7BE,0xF7BE,0xF7BE,0xF79E,0xFFFF,0xAD75,0x4A48,0x0000,0x0000,0x0000,0x0000,0x0000,0x0000,
0x0000,0x0000,0x0000,0x0000,0xA511,0x5289,0xE73C,0xFFFF,0xFFFF,0xFFFF,0xFFFF,0xFFFF,0xFFFF,0xFFFF,0xFFFF,0xFFFF,0xFFFF,0xFFFF,
0xFFFF,0xFFFF,0xFFFF,0xFFFF,0xFFFF,0xFFFF,0xFFFF,0xFFFF,0xFFFF,0xFFFF,0xB596,0x62EA,0xFFFF,0x0000,0x0000,0x0000,0x0000,0x0000,
0x0000,0x0000,0x0000,0x0000,0x8C6E,0x5269,0xBDD7,0xD6BA,0xD69A,0xD69A,0xD69A,0xD69A,0xD69A,0xD69A,0xD69A,0xD69A,0xD69A,0xD69A,
0xD69A,0xD69A,0xD69A,0xD69A,0xD69A,0xD69A,0xD69A,0xD69A,0xD69A,0xDEDB,0x9492,0x6B6C,0xFFFF,0x0000,0x0000,0x0000,0x0000,0x0000,
0x0000,0x0000,0x0000,0x0000,0xD6B5,0x6B4C,0x630B,0x62EB,0x62EB,0x62EB,0x62EB,0x62EB,0x62EB,0x62EB,0x62EB,0x62EB,0x62EB,0x62EB,
0x62EB,0x62EB,0x62EB,0x62EB,0x62EB,0x62EB,0x62EB,0x62EB,0x62EB,0x630B,0x62EB,0x842F,0xFFFF,0x0000,0x0000,0x0000,0x0000,0x0000,
0x0000,0x0000,0x0000,0x0000,0x0000,0xFFFF,0xFFFF,0xFFFF,0xFFFF,0xFFFF,0xFFFF,0xFFFF,0xFFFF,0xFFFF,0xFFFF,0xFFFF,0xFFFF,0xFFFF,
0xFFFF,0xFFFF,0xFFFF,0xFFFF,0xFFFF,0xFFFF,0xFFFF,0xFFFF,0xFFFF,0xFFFF,0xFFFF,0xFFFF,0x0000,0x0000,0x0000,0x0000,0x0000,0x0000,
};
static const uint8_t wb_mask[162] PROGMEM={
0x00,0x00,0x00,0x00,0x00,0x00,0xFC,0x00,0x00,0x00,0xC0,0x1F,0x00,0x00,0x00,0xFE,0x01,0x00,0x00,0xE0,0x1F,0x00,0x00,0x00,
0xFE,0x01,0x00,0x00,0xE0,0x0F,0x00,0x00,0x00,0x7F,0x02,0x00,0x00,0xF8,0x77,0x00,0x00,0x80,0x3F,0x0F,0x00,0x00,0xFC,0xFB,
0x01,0x00,0xE0,0xBF,0x3F,0x00,0x00,0xFF,0xF9,0x03,0x00,0xF0,0xDF,0x7F,0x00,0x80,0xFF,0xFD,0x07,0x00,0xF8,0xDF,0xFF,0x00,
0x80,0xFF,0xFD,0x0F,0x00,0xF8,0xDF,0xFF,0x00,0x80,0xFF,0xFF,0x0F,0x00,0xF8,0xFF,0xFF,0x00,0x80,0xFF,0xFF,0x0F,0x00,0xF8,
0xFF,0xFF,0x00,0x80,0xFF,0xFF,0x0F,0x00,0xF8,0xFF,0x7F,0x00,0x00,0xFF,0xFF,0x07,0x00,0xF0,0xFF,0x3F,0x00,0x00,0xFE,0xFF,
0x03,0x00,0xF8,0xFF,0xFF,0x00,0xC0,0xFF,0xFF,0x1F,0x00,0xFE,0xFF,0xFF,0x03,0xE0,0xFF,0xFF,0x3F,0x00,0xFE,0xFF,0xFF,0x03,
0xE0,0xFF,0xFF,0x3F,0x00,0xFE,0xFF,0xFF,0x03,0xE0,0xFF,0xFF,0x3F,0x00,0x00,0x00,0x00,0x00,
};
static const uint16_t wr_pix[1296] PROGMEM={
0x0000,0x0000,0x0000,0x0000,0x0000,0x0000,0xFFFF,0x7BE7,0x0000,0x0000,0x0000,0x0000,0x0000,0x0000,0x0000,0x0000,0x0000,0x0000,
0x0000,0x0000,0x0000,0x0000,0x0000,0x0000,0x0000,0x0000,0x0000,0x7BEF,0xFFFF,0x0000,0x0000,0x0000,0x0000,0x0000,0x0000,0x0000,
0x0000,0x0000,0x0000,0x0000,0x0000,0x0000,0x0000,0x0000,0x0000,0xFFFD,0xCE54,0xD6BA,0xFFFF,0xEF79,0x73AD,0x5289,0x52A9,0x4A48,
0x5ACA,0x5ACA,0x840E,0x0000,0x0000,0xCE76,0xAD53,0xFFFF,0x0000,0x0000,0x0000,0x0000,0x0000,0x0000,0x0000,0x0000,0x0000,0x0000,
0x0000,0x0000,0x0000,0x0000,0xFFFF,0x0000,0xDF58,0x83EE,0x5ACA,0x5ACA,0x5269,0x7BEE,0x0000,0xB5B4,0x6B2C,0xA514,0xB596,0xAD75,
0xC5F8,0x7BAE,0x6B4C,0xFFFF,0xEF79,0x738D,0x4228,0x5ACA,0x630B,0x9490,0xFFFB,0x0000,0xFFFF,0x0000,0x0000,0x0000,0x0000,0x0000,
0x0000,0x0000,0x0000,0x7BEF,0x0000,0xE738,0x738C,0x738E,0x9CF3,0xD69A,0x94B2,0x62EB,0xFFFF,0x9CD1,0x73AE,0xFFFF,0xFFFF,0xFFFF,
0xFFFF,0xCE7A,0x630B,0xFFFF,0xAD52,0x632C,0xCE59,0xC618,0x7BCF,0x6B2C,0x840E,0x0000,0x7BEF,0x0000,0x0000,0x0000,0x0000,0x0000,
0x0000,0x0000,0x0000,0xFFEF,0x0000,0xF79A,0x632B,0xCE79,0xFFFF,0xFFFF,0xE71C,0x630B,0xD6B7,0x6B4B,0x7BCE,0xFFDF,0xF7BE,0xF7BE,
0xFFFF,0xD6BA,0x62EB,0xFFFF,0x8C4F,0x7BCF,0xFFFF,0xFFFF,0xEF7D,0x8C51,0x6B4C,0x0000,0x0000,0x0000,0x0000,0x0000,0x0000,0x0000,
0x0000,0x0000,0x0000,0x0000,0x0000,0xFFFF,0x5ACA,0xC5F7,0xFFFF,0xF7BE,0xF7BE,0x6B4D,0xA511,0x9490,0x7BCF,0xFFFF,0xFFDF,0xF7BE,
0xFFFF,0xEF5D,0x630B,0xC636,0x73AD,0x9491,0xFFFF,0xEF7D,0xDEDB,0x8410,0x73AD,0x0000,0x0000,0x0000,0x0000,0x0000,0x0000,0x0000,
0x0000,0x0000,0x0000,0x0000,0x0000,0x0000,0x62EA,0xBDB6,0xFFFF,0xF7BE,0xFFFF,0x7BCF,0x52AA,0x5289,0x9471,0xFFFF,0xF7BE,0xFFDF,
0xFFDF,0xFFDF,0x630C,0x5ACA,0x4A48,0xB596,0xFFFF,0xEF5D,0xD6BA,0x7BEF,0x632B,0x0000,0x7BE7,0x0000,0x0000,0x0000,0x0000,0x0000,
0x0000,0x0000,0x0000,0x0000,0x0000,0x0000,0x6B6C,0xA534,0xFFFF,0xF7BE,0xFFDF,0xEF5D,0xD69A,0xD6BA,0xEF5D,0xFFDF,0xFFDF,0xFFDF,
0xFFDF,0xFFDF,0xE71C,0xD6BA,0xD6BA,0xF79E,0xFFFF,0xE71C,0xD69A,0x73AE,0x7BEE,0x0000,0x7BEF,0x0000,0x0000,0x0000,0x0000,0x0000,
0x0000,0x0000,0x0000,0x0000,0x7800,0x0000,0x6B6C,0x9492,0xFFFF,0xFFDF,0xFFDF,0xFFFF,0xFFFF,0xFFFF,0xFFFF,0xFFDF,0xFFDF,0xFFDF,
0xFFDF,0xFFDF,0xFFFF,0xFFFF,0xFFFF,0xFFDF,0xFFDF,0xDEDB,0xD679,0x6B6D,0x9490,0x0000,0x7BEF,0x0000,0x0000,0x0000,0x0000,0x0000,
0x0000,0x0000,0x0000,0x0000,0x7BEF,0x0000,0x6B6C,0x8C51,0xFFFF,0xF7BE,0xFFDF,0xF7BE,0xF7BE,0xF7BE,0xF7BE,0xF7BE,0xF7BE,0xF7BE,
0xF7BE,0xF7BE,0xF7BE,0xF7BE,0xF7BE,0xFFFF,0xF79E,0xD699,0xCE58,0x630C,0x9CD1,0x0000,0xAD55,0x0000,0x0000,0x0000,0x0000,0x0000,
0x0000,0x0000,0x0000,0x0000,0xAD55,0x0000,0xAD73,0x6B2C,0xE71C,0xFFFF,0xFFDF,0xFFFF,0xFFFF,0xFFFF,0xFFFF,0xFFFF,0xFFFF,0xFFFF,
0xFFFF,0xFFFF,0xFFFF,0xFFFF,0xFFFF,0xFFFF,0xDEDB,0xE6FB,0x9CB3,0x5AEA,0xEF7A,0x0000,0x7BEF,0x0000,0x0000,0x0000,0x0000,0x0000,
0x0000,0x0000,0x0000,0x0000,0xFFFF,0x7BEF,0xFFFF,0x7BED,0x738D,0xD6BA,0xF7BE,0xE73C,0xD69A,0xC618,0xB5B6,0xA4F3,0x9CD3,0xA514,
0x94B2,0xAD54,0xBDD7,0xCE59,0xD6BA,0xCE79,0xD6BA,0x9CF3,0x62EB,0x8C4F,0x0000,0x52AA,0x0000,0x0000,0x0000,0x0000,0x0000,0x0000,
0x0000,0x0000,0x0000,0x0000,0x0000,0xFFFF,0x0000,0xFFFF,0x7BED,0x5289,0x630C,0x5ACB,0x52AA,0x630C,0x6B4D,0x632C,0x6B4C,0x73AE,
0x738E,0x6B2C,0x62EB,0x5ACB,0x5269,0x5ACA,0x5AAA,0x5ACA,0x8C6F,0x0000,0x7BEF,0x0000,0x0000,0x0000,0x0000,0x0000,0x0000,0x0000,
0x0000,0x0000,0x0000,0x0000,0x0000,0x0000,0xFFFF,0x0000,0x0000,0x52A9,0x8430,0xEF7D,0xEF7D,0xFFDF,0xFFFF,0xFFFF,0xFFDF,0xEF5D,
0xDEDB,0xDEDB,0xD6BA,0xD699,0xCE58,0xBDF7,0x630B,0x7BEE,0x0000,0x0000,0x0000,0x0000,0x0000,0x0000,0x0000,0x0000,0x0000,0x0000,
0x0000,0x0000,0x0000,0x0000,0x0000,0x0000,0xFFFF,0x7BEF,0xFFFF,0x62EA,0xBDB7,0xFFFF,0xFFDF,0xFFDF,0xFFDF,0xFFFF,0xFFFF,0xFFDF,
0xEF5D,0xD69A,0xCE79,0xD699,0xD699,0xE71B,0x7BEF,0x6B6C,0x0000,0x39E7,0x0000,0x0000,0x0000,0x0000,0x0000,0x0000,0x0000,0x0000,
0x0000,0x0000,0x0000,0x0000,0x0000,0x0000,0xFFFF,0x0000,0xFFFF,0x52A9,0xC638,0xFFFF,0xF7BE,0xFFDF,0xFFDF,0xFFDF,0xFFDF,0xFFDF,
0xFFFF,0xF79E,0xD69A,0xD69A,0xCE79,0xDEDB,0x8430,0x632B,0xFFFF,0x7BEF,0x0000,0x0000,0x0000,0x0000,0x0000,0x0000,0x0000,0x0000,
0x0000,0x0000,0x0000,0x0000,0x0000,0x0000,0xAD55,0x0000,0xD6B7,0x630B,0xDEDB,0xFFFF,0xF7BE,0xFFDF,0xFFDF,0xFFDF,0xFFDF,0xFFDF,
0xFFDF,0xFFFF,0xEF5D,0xD679,0xD679,0xDEDB,0x9492,0x632B,0xFFFF,0x0000,0xFFFF,0x0000,0x0000,0x0000,0x0000,0x0000,0x0000,0x0000,
0x0000,0x0000,0x0000,0x0000,0x0000,0x0000,0xAD55,0x0000,0xA511,0x630B,0xEF5D,0xFFFF,0xFFDF,0xFFDF,0xFFDF,0xFFDF,0xFFDF,0xFFDF,
0xFFDF,0xFFDF,0xFFDF,0xD6BA,0xD699,0xDEDA,0xA514,0x5ACA,0xFFFF,0x0000,0xFFFF,0x0000,0x0000,0x0000,0x0000,0x0000,0x0000,0x0000,
0x0000,0x0000,0x0000,0x0000,0x0000,0x0000,0x7BEF,0x0000,0x94B0,0x6B2C,0xFFDF,0xFFDF,0xFFDF,0xFFDF,0xFFDF,0xFFDF,0xFFDF,0xFFDF,
0xFFDF,0xFFDF,0xFFFF,0xEF3C,0xCE59,0xDEDA,0xB596,0x630B,0xD6B7,0x0000,0xAD55,0x0000,0x0000,0x0000,0x0000,0x0000,0x0000,0x0000,
0x0000,0x0000,0x0000,0x0000,0x0000,0x0000,0x7BEF,0x0000,0x842E,0x83EF,0xFFFF,0xFFDF,0xFFDF,0xFFDF,0xFFDF,0xFFDF,0xFFDF,0xFFDF,
0xFFDF,0xFFDF,0xFFFF,0xF7BE,0xCE79,0xDEDA,0xC5F7,0x5AEB,0xA532,0x0000,0xAD55,0x0000,0x0000,0x0000,0x0000,0x0000,0x0000,0x0000,
0x0000,0x0000,0x0000,0x0000,0x0000,0x0000,0x52AA,0x0000,0x6B6C,0x8410,0xFFFF,0xFFDF,0xFFDF,0xFFDF,0xFFDF,0xFFDF,0xFFDF,0xFFDF,
0xFFDF,0xFFDF,0xFFDF,0xFFDF,0xD6BA,0xD6BA,0xCE59,0x630C,0xA512,0x0000,0x7BEF,0x0000,0x0000,0x0000,0x0000,0x0000,0x0000,0x0000,
0x0000,0x0000,0x0000,0x0000,0x0000,0x0000,0x0000,0x0000,0x73AD,0x94B2,0xFFFF,0xF7BE,0xFFDF,0xFFDF,0xFFDF,0xFFDF,0xFFDF,0xFFDF,
0xFFDF,0xFFDF,0xFFDF,0xFFDF,0xE6FB,0xD699,0xD69A,0x6B6D,0x842F,0x0000,0x7BEF,0x0000,0x0000,0x0000,0x0000,0x0000,0x0000,0x0000,
0x0000,0x0000,0x0000,0x0000,0x0000,0x0000,0x0000,0xFFFF,0x5AEA,0xAD55,0xFFFF,0xF7BE,0xFFDF,0xFFDF,0xFFDF,0xFFDF,0xFFDF,0xFFDF,
0xFFDF,0xFFDF,0xF7BE,0xFFFF,0xEF5D,0xCE59,0xDEDB,0x738E,0x7BED,0x0000,0x7BEF,0x0000,0x0000,0x0000,0x0000,0x0000,0x0000,0x0000,
0x0000,0x0000,0x0000,0x0000,0x0000,0xFFEF,0x0000,0xFFFE,0x630B,0xBDD7,0xFFFF,0xF7BE,0xFFDF,0xFFDF,0xFFDF,0xFFDF,0xFFDF,0xFFDF,
0xFFDF,0xFFDF,0xFFDF,0xFFDF,0xF77D,0xCE79,0xDEDB,0x7BEF,0x7BCD,0x0000,0x0000,0x0000,0x0000,0x0000,0x0000,0x0000,0x0000,0x0000,
0x0000,0x0000,0x0000,0x0000,0x0000,0x7BEF,0xFFFF,0xE719,0x62EB,0xD69A,0xFFFF,0xF7BE,0xFFDF,0xFFFF,0xFFDF,0xFFDF,0xFFDF,0xFFDF,
0xFFDF,0xFFDF,0xFFDF,0xFFFF,0xF79E,0xCE79,0xDEDB,0x8C71,0x62EA,0xFFFF,0x0000,0x0000,0x0000,0x0000,0x0000,0x0000,0x0000,0x0000,
0x0000,0x0000,0x0000,0x0000,0x0000,0xAD55,0x0000,0xC635,0x632B,0xF79E,0xFFFF,0xFFFF,0xFFFF,0xFFFF,0xFFFF,0xFFDF,0xFFDF,0xFFBE,
0xFFDF,0xFFDF,0xFFFF,0xFFFF,0xFFFF,0xDEDB,0xEF7D,0xA514,0x6B4B,0xFFFF,0x0000,0xBDEF,0x0000,0x0000,0x0000,0x0000,0x0000,0x0000,
0x0000,0x0000,0x0000,0x0000,0x7BEF,0x0000,0xFFFF,0x9CF1,0x5AAA,0x9492,0x8C51,0x83EF,0x738E,0x630B,0x6B4D,0x6B2C,0x632C,0x632C,
0x632C,0x6B4C,0x6B2C,0x630B,0x7BAE,0x738D,0x8410,0x738E,0x5289,0xC615,0x0000,0x0000,0xFFFF,0x0000,0x0000,0x0000,0x0000,0x0000,
0x0000,0x0000,0x0000,0x7BEF,0x0000,0xBDD4,0x736C,0x52AA,0x6B6D,0x7BEF,0x9CD2,0xAD75,0xB596,0xC618,0xCE79,0xD69A,0xD6BA,0xD6BA,
0xD69A,0xCE79,0xCE79,0xBDB6,0xAD75,0xAD75,0x9492,0x7BCF,0x632C,0x52AA,0x840E,0xE739,0x0000,0x7BEF,0x0000,0x0000,0x0000,0x0000,
0x0000,0x0000,0x0000,0x0000,0xCE77,0x632B,0x8410,0xE71C,0xFFFF,0xFFFF,0xFFFF,0xFFFF,0xFFFF,0xFFFF,0xFFFF,0xFFFF,0xFFFF,0xFFFF,
0xFFFF,0xFFFF,0xFFFF,0xFFFF,0xFFFF,0xFFFF,0xFFFF,0xFFFF,0xFFFF,0xCE59,0x6B4D,0x73AD,0xFFFF,0x7BEF,0x0000,0x0000,0x0000,0x0000,
0x0000,0x0000,0x0000,0x0000,0x6B6C,0x738D,0xFFFF,0xFFFF,0xFFDF,0xFFDF,0xF7BE,0xF7BE,0xF7BE,0xF7BE,0xF7BE,0xF7BE,0xF7BE,0xF7BE,
0xF7BE,0xF7BE,0xF7BE,0xF7BE,0xF7BE,0xF7BE,0xFFDF,0xFFDF,0xFFDF,0xFFFF,0xE71C,0x52AA,0x9CF1,0x0000,0x0000,0x0000,0x0000,0x0000,
0x0000,0x0000,0x0000,0x0000,0x5ACA,0xAD75,0xFFFF,0xF7BE,0xFFDF,0xFFDF,0xFFDF,0xFFDF,0xFFDF,0xFFDF,0xFFDF,0xFFDF,0xFFDF,0xFFDF,
0xFFDF,0xFFDF,0xFFDF,0xFFDF,0xFFDF,0xFFDF,0xFFDF,0xFFDF,0xFFDF,0xF7BE,0xFFFF,0x8410,0x62EA,0x0000,0x0000,0x0000,0x0000,0x0000,
0x0000,0x0000,0x0000,0x0000,0x5289,0xCE59,0xFFFF,0xF7BE,0xF7BE,0xF7BE,0xF7BE,0xF7BE,0xF7BE,0xF7BE,0xF7BE,0xF7BE,0xF7BE,0xF7BE,
0xF7BE,0xF7BE,0xF7BE,0xF7BE,0xF7BE,0xF7BE,0xF7BE,0xF7BE,0xF7BE,0xF7BE,0xFFFF,0x9CD3,0x5AA9,0x0000,0x0000,0x0000,0x0000,0x0000,
0x0000,0x0000,0x0000,0x0000,0x4A69,0xCE79,0xFFFF,0xFFFF,0xFFFF,0xFFFF,0xFFFF,0xFFFF,0xFFFF,0xFFFF,0xFFFF,0xFFFF,0xFFFF,0xFFFF,
0xFFFF,0xFFFF,0xFFFF,0xFFFF,0xFFFF,0xFFFF,0xFFFF,0xFFFF,0xFFFF,0xFFFF,0xFFFF,0x8C71,0x7BAD,0x0000,0x0000,0x0000,0x0000,0x0000,
0x0000,0x0000,0x0000,0x0000,0x4A49,0x8C51,0xBDD7,0xB5B6,0xB5B6,0xB5B6,0xB5B6,0xB5B6,0xB5B6,0xB5B6,0xB5B6,0xB5B6,0xB5B6,0xB5B6,
0xB5B6,0xB5B6,0xB5B6,0xB5B6,0xB5B6,0xB5B6,0xB5B6,0xB5B6,0xB5B6,0xB5B6,0xBDD7,0x6B4D,0x7BCD,0x0000,0x0000,0x0000,0x0000,0x0000,
0x0000,0x0000,0x0000,0x0000,0x7BEE,0x736C,0x632B,0x6B2B,0x6B2B,0x6B2B,0x6B2B,0x6B2B,0x6B2B,0x6B2B,0x6B2B,0x6B2B,0x6B2B,0x6B2B,
0x6B2B,0x6B2B,0x6B2B,0x6B2B,0x6B2B,0x6B2B,0x6B2B,0x6B2B,0x6B2B,0x6B2B,0x632B,0x738D,0x9CB1,0x0000,0x0000,0x0000,0x0000,0x0000,
0x0000,0x0000,0x0000,0x0000,0x0000,0x0000,0x0000,0x0000,0x0000,0x0000,0x0000,0x0000,0x0000,0x0000,0x0000,0x0000,0x0000,0x0000,
0x0000,0x0000,0x0000,0x0000,0x0000,0x0000,0x0000,0x0000,0x0000,0x0000,0x0000,0x0000,0x0000,0x0000,0x0000,0x0000,0x0000,0x0000,
};
static const uint8_t wr_mask[162] PROGMEM={
0x00,0x00,0x00,0x00,0x00,0x00,0xFC,0x01,0x00,0x80,0xEF,0x9F,0x0F,0x00,0xFE,0xFE,0xFD,0x01,0xE0,0xFF,0xDF,0x1F,0x00,0xFC,
0xFF,0xFF,0x01,0xC0,0xFF,0xFF,0x1F,0x00,0xFC,0xFF,0xFF,0x01,0xC0,0xFF,0xFF,0x1F,0x00,0xFC,0xFF,0xFF,0x01,0xC0,0xFF,0xFF,
0x0F,0x00,0xF8,0xFF,0xFF,0x00,0x00,0xFF,0xFF,0x07,0x00,0xE0,0xFF,0x3F,0x00,0x00,0xFE,0xFF,0x03,0x00,0xE0,0xFF,0x3F,0x00,
0x00,0xFF,0xFF,0x03,0x00,0xF0,0xFF,0x3F,0x00,0x00,0xFF,0xFF,0x07,0x00,0xF0,0xFF,0x7F,0x00,0x00,0xFF,0xFF,0x07,0x00,0xF0,
0xFF,0x7F,0x00,0x00,0xFF,0xFF,0x07,0x00,0xF8,0xFF,0x7F,0x00,0x80,0xFF,0xFF,0x07,0x00,0xF8,0xFF,0x7F,0x00,0x80,0xFF,0xFF,
0x0F,0x00,0xFE,0xFF,0xFF,0x03,0xF0,0xFF,0xFF,0x3F,0x00,0xFF,0xFF,0xFF,0x07,0xF0,0xFF,0xFF,0x7F,0x00,0xFF,0xFF,0xFF,0x07,
0xF0,0xFF,0xFF,0x7F,0x00,0xFF,0xFF,0xFF,0x07,0xF0,0xFF,0xFF,0x7F,0x00,0x00,0x00,0x00,0x00,
};
static const uint16_t wq_pix[1296] PROGMEM={
0x0000,0x0000,0x0000,0x0000,0x0000,0x0000,0x0000,0x0000,0x0000,0x7BEF,0x0000,0x0000,0xFFFF,0xFFFF,0x0000,0x0000,0x0000,0x0000,
0x0000,0x0000,0x0000,0x0000,0xFFFF,0xFFFF,0x0000,0x0000,0x7BEF,0x0000,0x0000,0x0000,0x0000,0x0000,0x0000,0x0000,0x0000,0x0000,
0x0000,0x0000,0x0000,0x0000,0x0000,0x0000,0x0000,0x0000,0x7BEF,0x0000,0xFFFC,0x840E,0x62EB,0x5AEA,0x738C,0xBDD4,0x0000,0x7BEF,
0x7BEF,0x0000,0xBDD4,0x738D,0x5AEA,0x5AEA,0x840E,0xFFFC,0x0000,0x7BEF,0x0000,0x0000,0x0000,0x0000,0x0000,0x0000,0x0000,0x0000,
0x0000,0x0000,0x0000,0x0000,0x0000,0x0000,0x0000,0xFFFF,0x7BE0,0xEF79,0x6B2B,0x7BCF,0xCE39,0xCE79,0x9492,0x6B2C,0x9CD1,0x0000,
0x0000,0x9CD1,0x630B,0x8C71,0xD67A,0xC638,0x7BEF,0x630B,0xEF5A,0x0000,0xFFFF,0x0000,0x0000,0x0000,0x0000,0x0000,0x0000,0x0000,
0x0000,0x0000,0x0000,0x0000,0x0000,0x0000,0x0000,0x52AA,0x0000,0x840E,0x7BCF,0xFFFF,0xFFFF,0xFFFF,0xFFFF,0x7BEF,0x5ACA,0xFFFF,
0xFFFF,0x5ACA,0xA534,0xFFFF,0xFFFF,0xFFFF,0xFFDF,0x632C,0x7BEE,0xFFFF,0x52AA,0x0000,0x0000,0x0000,0x0000,0x0000,0x0000,0x0000,
0x0000,0x0000,0x0000,0x0000,0x0000,0x0000,0x0000,0x0000,0xFFFF,0x6B2B,0xCE59,0xFFFF,0xF79E,0xFFFF,0xF7BE,0xC618,0x630C,0xA511,
0x9CD1,0x6B4C,0xFFDF,0xFFDF,0xF7BE,0xFFDF,0xF79E,0x9CF3,0x630B,0xFFFF,0x0000,0x7BEF,0x0000,0x0000,0x0000,0x0000,0x0000,0x0000,
0x0000,0x0000,0x0000,0xFFFF,0xAD55,0xAD4A,0xAD55,0x0000,0xFFFF,0x6B4B,0xD67A,0xFFFF,0xFFDF,0xFFDF,0xDEFB,0xCE59,0x630B,0x9CF1,
0x9CB0,0x736D,0xFFDF,0xFFDF,0xFFFF,0xF79E,0xDEDB,0xA534,0x62EB,0xFFFE,0x0000,0xAD55,0xAD4A,0xAD4A,0xFFFF,0x0000,0x0000,0x0000,
0x0000,0x0000,0xAD4A,0x0000,0x0000,0x0000,0x0000,0x52AA,0x0000,0x738C,0x9492,0xFFFF,0xFFFF,0xEF7D,0xDEDA,0x9CD3,0x5ACA,0xEF7B,
0xFFFB,0x5ACA,0xBDF7,0xFFFF,0xF7BE,0xDEDA,0xDEFB,0x73AE,0x736C,0xFFFF,0x632C,0x0000,0x0000,0x0000,0x0000,0x7BEF,0x0000,0x0000,
0x0000,0x7BEF,0x0000,0xFFFF,0xA511,0x94B1,0xFFFE,0x0000,0x0000,0xBDF5,0x632B,0x8C51,0xEF7D,0xFFDF,0xBDD7,0x5AAA,0x842F,0x0000,
0x0000,0x842E,0x630B,0xEF5D,0xFFDF,0xC617,0x7BEF,0x5ACA,0xB594,0x0000,0x0000,0xFFFF,0x9CD0,0x9CD1,0xFFFF,0x0000,0x7BEF,0x0000,
0xAD4A,0x0000,0xAD53,0x6B4C,0x6B4C,0x632C,0x6B4C,0x9CF1,0x0000,0x0000,0xC614,0x4207,0xB5B6,0xFFFF,0xCE59,0x6B2C,0x8C4F,0x0000,
0x0000,0x8C2F,0x6B4C,0xF7BF,0xFFFF,0x8C51,0x5289,0xC656,0x0000,0x0000,0xA512,0x632B,0x6B2C,0x630B,0x6B4C,0xA532,0x0000,0xAD4A,
0x0000,0xBDF5,0x6B2C,0xAD55,0xEF7D,0xEF7D,0x8C51,0x62EB,0xA511,0x0000,0x0000,0x4A48,0xCE59,0xFFFF,0xFFFF,0x7BCF,0x632B,0x0000,
0x0000,0x632B,0x9CD3,0xFFFF,0xFFFF,0x9CB3,0x5AEA,0x0000,0x0000,0xAD73,0x6B4C,0xAD55,0xF79E,0xEF7D,0x9CB3,0x5ACA,0xAD93,0x0000,
0xFFFF,0x73AD,0x9CD3,0xFFFF,0xFFDF,0xFFFF,0xFFFF,0x7BCF,0x5AEA,0xFFFF,0xFFFF,0x632B,0xCE39,0xFFFF,0xFFFF,0xAD75,0x5AAA,0xEF7B,
0xE718,0x5ACA,0xD69A,0xFFFF,0xFFFF,0x9CD3,0x52A9,0xFFFF,0xFFFF,0x630B,0xAD55,0xFFFF,0xFFDF,0xFFFF,0xFFFF,0x7BCF,0x6B6C,0xFFFF,
0xFFFF,0x6B6C,0xCE59,0xFFFF,0xF7BE,0xFFDF,0xE73C,0xB595,0x5269,0xFFFF,0x0000,0x630B,0xD67A,0xFFFF,0xFFFF,0xEF7D,0x5AEB,0x840E,
0x73AD,0x7BAE,0xFFFF,0xFFDF,0xFFFF,0xB596,0x4A69,0xFFFF,0xFFFF,0x630B,0xDEDB,0xFFFF,0xF7BE,0xFFFF,0xFFFF,0xA514,0x5AEA,0xFFFF,
0xFFFF,0x6B4C,0xB596,0xFFFF,0xF7BE,0xF7BE,0xE71C,0x9471,0x630B,0xFFFF,0xFFFF,0x52AA,0xCE59,0xFFFF,0xF7BE,0xFFFF,0x83EF,0x632B,
0x630B,0xA514,0xFFFF,0xF7BE,0xFFFF,0xB575,0x4A28,0xFFFF,0xFFFF,0x6B4B,0xAD75,0xFFFF,0xFFFF,0xF7BE,0xF79E,0x8C51,0x6B4C,0xFFFF,
0x0000,0x94B0,0x738D,0xD6BB,0xFFFF,0xFFDF,0xF7BE,0x7BCF,0x5ACA,0xFFFF,0x0000,0x52A9,0xD69A,0xFFFF,0xF7BE,0xFFFF,0xCE59,0x4A69,
0x52AA,0xDEDB,0xFFFF,0xF7BE,0xFFFF,0xD69A,0x4A69,0xBEF7,0xFFFF,0x630A,0x8C71,0xFFFF,0xF79D,0xE71C,0xB596,0x630B,0x9CD1,0x0000,
0x52AA,0x0000,0x73AD,0x5ACA,0x8C71,0xFFBE,0xFFFF,0xEF5D,0x6B6D,0x630B,0xFFFF,0x5AAA,0xE73C,0xFFFF,0xF7BE,0xFFDF,0xFFDF,0x528A,
0x6B2C,0xFFFF,0xFFDF,0xF7BE,0xFFFF,0xCE79,0x5289,0xFFFC,0x6B2B,0x8430,0xF7BE,0xFFDF,0xCE79,0x8410,0x62EB,0x8C2F,0xFFFF,0x7BEF,
0x0000,0x7BE0,0x0000,0xA532,0x5269,0xC618,0xFFFF,0xFFFF,0xF79E,0x52AA,0x6B2B,0x630B,0xEF5D,0xFFFF,0xFFDF,0xF7BE,0xFFFF,0x9471,
0xA514,0xFFFF,0xF7BE,0xF7BE,0xFFFF,0xDEDB,0x5AAA,0x73AD,0x7BCF,0xF7BE,0xFFDF,0xEF7D,0xA513,0x4A28,0xB594,0x0000,0x0000,0xFFFF,
0x0000,0x0000,0x52AA,0x0000,0x7BCD,0x7BCF,0xFFFF,0xF7BE,0xFFFF,0xEF7D,0x5AAA,0x5289,0xF7BE,0xFFDF,0xFFDF,0xFFDF,0xFFFF,0xE71C,
0xEF5C,0xFFFF,0xFFDF,0xFFDF,0xFFFF,0xEF7D,0x4207,0x6B4D,0xF79E,0xFFFF,0xF79E,0xDEBA,0x73AE,0x6B2B,0x0000,0x0000,0xFFFF,0x0000,
0x0000,0x0000,0xFFFF,0x7BEF,0xCE75,0x5AEB,0xDEDB,0xFFFF,0xF7BE,0xFFFF,0xEF5C,0x738E,0xF79E,0xFFFF,0xFFDF,0xFFDF,0xFFDF,0xFFFF,
0xFFFF,0xFFDF,0xFFDF,0xFFDF,0xFFFF,0xEF5D,0x7BCE,0xEF7D,0xFFFF,0xFFDF,0xE71C,0xB5B6,0x5289,0xB593,0x52AA,0x7BEF,0x0000,0x0000,
0x0000,0x0000,0x0000,0x52AA,0x0000,0x630A,0x94B2,0xFFFF,0xF7BE,0xF7BE,0xFFFF,0xF7BE,0xF7BE,0xFFDF,0xFFDF,0xFFDF,0xFFDF,0xFFDF,
0xFFDF,0xFFDF,0xFFDF,0xFFDF,0xFFDF,0xF7BE,0xF7BE,0xFFFF,0xFFFF,0xEF5D,0xDEDB,0x8410,0x62EA,0x0000,0x7BEF,0x0000,0x0000,0x0000,
0x0000,0x0000,0x0000,0xAD55,0x0000,0x9CD1,0x6B2C,0xEF7D,0xFFFF,0xFFDF,0xFFDF,0xFFFF,0xFFFF,0xFFDF,0xFFDF,0xFFDF,0xFFDF,0xFFDF,
0xFFDF,0xFFDF,0xFFDF,0xFFDF,0xFFDF,0xFFDF,0xFFDF,0xFFFF,0xF7BE,0xD6BA,0xC638,0x62EB,0x948F,0x0000,0x7BEF,0x0000,0x0000,0x0000,
0x0000,0x0000,0x0000,0x0000,0x0000,0xFFFF,0x630B,0xAD75,0xFFFF,0xF7BE,0xFFDF,0xFFDF,0xFFDF,0xFFDF,0xFFDF,0xFFDF,0xFFDF,0xFFDF,
0xFFDF,0xFFDF,0xFFDF,0xFFDF,0xFFDF,0xFFDF,0xFFDF,0xFFDF,0xDEDB,0xDEDB,0x9492,0x5AEA,0xFFFF,0x0000,0x0000,0x0000,0x0000,0x0000,
0x0000,0x0000,0x0000,0x0000,0x7BEF,0x0000,0x9490,0x7BCE,0xFFDF,0xFFDF,0xFFDF,0xFFDF,0xFFDF,0xFFDF,0xFFDF,0xFFDF,0xFFDF,0xFFDF,
0xFFDF,0xFFDF,0xFFDF,0xFFDF,0xFFDF,0xFFDF,0xFFFF,0xE73C,0xCE79,0xD69A,0x6B4C,0x840E,0x0000,0x39E7,0x0000,0x0000,0x0000,0x0000,
0x0000,0x0000,0x0000,0x0000,0xFFFF,0x0000,0xFFFE,0x632B,0xC638,0xFFFF,0xF7BE,0xFFDF,0xFFDF,0xFFDF,0xFFDF,0xFFDF,0xFFDF,0xFFDF,
0xFFDF,0xFFDF,0xFFDF,0xFFDF,0xF7BE,0xFFFF,0xEF7D,0xCE59,0xDEDB,0xA534,0x5AEA,0xEF59,0x0000,0xFFFF,0x0000,0x0000,0x0000,0x0000,
0x0000,0x0000,0x0000,0x0000,0x0000,0xAD4A,0x0000,0x73AD,0x8C71,0xFFFF,0xF7BE,0xFFDF,0xFFDF,0xFFDF,0xFFDF,0xFFDF,0xFFDF,0xFFDF,
0xFFDF,0xFFDF,0xFFDF,0xFFDF,0xFFFF,0xEF7D,0xD679,0xD679,0xDEDA,0x73AE,0x73AC,0x0000,0x52AA,0x0000,0x0000,0x0000,0x0000,0x0000,
0x0000,0x0000,0x0000,0x0000,0x0000,0xFFEF,0x0000,0xC635,0x6B4C,0xDEFC,0xFFFF,0xF7BE,0xFFDF,0xF7BE,0xF7BE,0xFFDF,0xF7BE,0xF7BE,
0xF7BE,0xFFDF,0xFFFF,0xFFFF,0xEF5D,0xD699,0xD699,0xD6BA,0xBDD7,0x62EB,0xB593,0x0000,0xAD55,0x0000,0x0000,0x0000,0x0000,0x0000,
0x0000,0x0000,0x0000,0x0000,0x0000,0x0000,0x7BEF,0xFFFF,0x6B4C,0x9CF3,0xFFFF,0xFFDF,0xFFFF,0xFFFF,0xFFFF,0xFFFF,0xFFFF,0xFFFF,
0xFFFF,0xFFFF,0xFFFF,0xEF5C,0xD6BA,0xD6BA,0xD679,0xDEFB,0x8430,0x6B4B,0xFFFF,0x0000,0x0000,0x0000,0x0000,0x0000,0x0000,0x0000,
0x0000,0x0000,0x0000,0x0000,0x0000,0x0000,0x7BEF,0x0000,0xB593,0x73AD,0xF7BE,0xF79E,0xEF5D,0xDEFB,0xD6BA,0xD69A,0xCE59,0xCE59,
0xCE58,0xB5B6,0xAD75,0xB5B6,0xC617,0xC618,0xCE79,0xCE59,0x6B4C,0xA512,0x0000,0x7BEF,0x0000,0x0000,0x0000,0x0000,0x0000,0x0000,
0x0000,0x0000,0x0000,0x0000,0x0000,0x7BEF,0x0000,0xDEF8,0x842E,0x4A28,0x52AA,0x6B4D,0x6B4D,0x5ACB,0x632C,0x738E,0x738E,0x738E,
0x738E,0x738E,0x738E,0x6B2C,0x5AEB,0x630C,0x630C,0x52AA,0x4208,0x7BED,0xC655,0x0000,0x0000,0x0000,0x0000,0x0000,0x0000,0x0000,
0x0000,0x0000,0x0000,0x0000,0x52AA,0x0000,0xB593,0x6B6C,0x73AE,0xBDD7,0xD699,0xE71C,0xF79E,0xFFDF,0xFFFF,0xFFFF,0xFFFF,0xFFFF,
0xFFFF,0xFFFF,0xFFFF,0xFFFF,0xFFDF,0xF79E,0xE73C,0xD69A,0xB5B6,0x738E,0x630B,0xA512,0x0000,0x7BEF,0x0000,0x0000,0x0000,0x0000,
0x0000,0x0000,0x0000,0xFFFF,0x0000,0xEF7A,0x6B4C,0x9CD3,0xFFFF,0xFFFF,0xFFFF,0xFFFF,0xFFFF,0xFFFF,0xFFFF,0xFFDF,0xFFDF,0xFFDF,
0xFFDF,0xFFDF,0xFFDF,0xFFFF,0xFFFF,0xFFFF,0xFFFF,0xFFFF,0xFFFF,0xFFFF,0x94B2,0x5AEA,0xD698,0x0000,0x7BEF,0x0000,0x0000,0x0000,
0x0000,0x0000,0x0000,0x7BEF,0x0000,0x7BEE,0x73AE,0xFFFF,0xFFFF,0xF7BE,0xF7BE,0xF7BE,0xFFDF,0xF7BE,0xFFDF,0xFFDF,0xFFDF,0xFFDF,
0xFFDF,0xFFDF,0xFFDF,0xFFDF,0xF7BE,0xFFDF,0xF7BE,0xF7BE,0xF7BE,0xFFFF,0xFFFF,0x6B2C,0x7BAD,0x0000,0x7BEF,0x0000,0x0000,0x0000,
0x0000,0x0000,0x0000,0x7BEF,0x0000,0x73AD,0x9471,0xFFFF,0xF7BE,0xF7BE,0xF7BE,0xF7BE,0xF7BE,0xF7BE,0xF7BE,0xF7BE,0xF7BE,0xF7BE,
0xF7BE,0xF7BE,0xF7BE,0xF7BE,0xF7BE,0xF7BE,0xF7BE,0xF7BE,0xF7BE,0xF7BE,0xFFFF,0x8430,0x632B,0x0000,0x39E7,0x0000,0x0000,0x0000,
0x0000,0x0000,0x0000,0x7BEF,0x0000,0x738C,0xA534,0xFFFF,0xFFFF,0xFFFF,0xFFFF,0xFFFF,0xFFFF,0xFFFF,0xFFFF,0xFFFF,0xFFFF,0xFFFF,
0xFFFF,0xFFFF,0xFFFF,0xFFFF,0xFFFF,0xFFFF,0xFFFF,0xFFFF,0xFFFF,0xFFFF,0xFFFF,0x9CD3,0x52A9,0x0000,0x39E7,0x0000,0x0000,0x0000,
0x0000,0x0000,0x0000,0x7BEF,0x0000,0x738C,0x8C51,0xD69A,0xCE79,0xCE79,0xCE79,0xCE79,0xCE79,0xCE79,0xCE79,0xCE79,0xCE79,0xCE79,
0xCE79,0xCE79,0xCE79,0xCE79,0xCE79,0xCE79,0xCE79,0xCE79,0xCE79,0xCE79,0xD69A,0x8410,0x52A9,0x0000,0x39E7,0x0000,0x0000,0x0000,
0x0000,0x0000,0x0000,0xAD55,0x0000,0x9CB1,0x6B4C,0x62EB,0x630B,0x630B,0x630B,0x630B,0x630B,0x630B,0x630B,0x630B,0x630B,0x630B,
0x630B,0x630B,0x630B,0x630B,0x630B,0x630B,0x630B,0x630B,0x630B,0x630B,0x62EB,0x6B4C,0x840E,0x0000,0xAD55,0x0000,0x0000,0x0000,
0x0000,0x0000,0x0000,0x0000,0x0000,0xFFFF,0xFFFF,0xFFFF,0xFFFF,0xFFFF,0xFFFF,0xFFFF,0xFFFF,0xFFFF,0xFFFF,0xFFFF,0xFFFF,0xFFFF,
0xFFFF,0xFFFF,0xFFFF,0xFFFF,0xFFFF,0xFFFF,0xFFFF,0xFFFF,0xFFFF,0xFFFF,0xFFFF,0xFFFF,0xFFFF,0x0000,0x0000,0x0000,0x0000,0x0000,
};
static const uint8_t wq_mask[162] PROGMEM={
0x00,0x00,0x00,0x00,0x00,0x80,0x0F,0x1F,0x00,0x00,0xFC,0xF9,0x03,0x00,0xE0,0x9F,0x7F,0x00,0x00,0xFE,0xFF,0x07,0x00,0xE0,
0xFF,0x7F,0x00,0x00,0xFE,0xF9,0x07,0x00,0xE3,0x9F,0x7F,0x0C,0xFC,0xFC,0xF9,0xF3,0xE3,0x9F,0x9F,0x9F,0x7F,0xFE,0xF9,0xF9,
0xF9,0xE7,0x9F,0xFF,0x9F,0x7F,0xFE,0xF9,0xFF,0xF9,0xE7,0x9F,0xFF,0x9F,0x7F,0xFC,0xFB,0xFF,0xFF,0x83,0xFF,0xFF,0xFF,0x1F,
0xF0,0xFF,0xFF,0xFF,0x00,0xFE,0xFF,0xFF,0x0F,0xE0,0xFF,0xFF,0x7F,0x00,0xFE,0xFF,0xFF,0x07,0xC0,0xFF,0xFF,0x3F,0x00,0xFC,
0xFF,0xFF,0x03,0x80,0xFF,0xFF,0x3F,0x00,0xF8,0xFF,0xFF,0x01,0x80,0xFF,0xFF,0x1F,0x00,0xF0,0xFF,0xFF,0x00,0x00,0xFF,0xFF,
0x0F,0x00,0xF8,0xFF,0xFF,0x01,0xC0,0xFF,0xFF,0x3F,0x00,0xFC,0xFF,0xFF,0x03,0xE0,0xFF,0xFF,0x7F,0x00,0xFE,0xFF,0xFF,0x07,
0xE0,0xFF,0xFF,0x7F,0x00,0xFE,0xFF,0xFF,0x07,0xE0,0xFF,0xFF,0x7F,0x00,0x00,0x00,0x00,0x00,
};
static const uint16_t wk_pix[1296] PROGMEM={
0x0000,0x0000,0x0000,0x0000,0x0000,0x0000,0x0000,0x0000,0x0000,0x0000,0x0000,0x0000,0x0000,0x0000,0x0000,0xFFEF,0xBFED,0xBFEE,
0xAFEF,0xAF4D,0x0000,0x0000,0x0000,0x0000,0x0000,0x0000,0x0000,0x0000,0x0000,0x0000,0x0000,0x0000,0x0000,0x0000,0x0000,0x0000,
0x0000,0x0000,0x0000,0x0000,0x0000,0x0000,0x0000,0x0000,0x0000,0x0000,0x0000,0x0000,0x0000,0x6186,0x7BEF,0x5308,0x4AA8,0x4A87,
0x4A87,0x4AA8,0x5308,0x7BEF,0x6326,0x0000,0x0000,0x0000,0x0000,0x0000,0x0000,0x0000,0x0000,0x0000,0x0000,0x0000,0x0000,0x0000,
0x0000,0x0000,0x0000,0x0000,0x0000,0x0000,0x0000,0x0000,0x0000,0x0000,0x0000,0x0000,0x0000,0x0000,0x0000,0x4226,0x9492,0xCE7A,
0xD67A,0x8C51,0x4A87,0x0000,0x0000,0x0000,0x0000,0x0000,0x0000,0x0000,0x0000,0x0000,0x0000,0x0000,0x0000,0x0000,0x0000,0x0000,
0x0000,0x0000,0x0000,0x0000,0x0000,0x0000,0x0000,0x0000,0x0000,0x0000,0x0000,0x0000,0x6BEA,0x5B48,0x3AA4,0x31E5,0xB596,0xFFFF,
0xFFFF,0xA514,0x3A05,0x3AA4,0x5B68,0x6BEA,0x0000,0x0000,0x0000,0x0000,0x0000,0x0000,0x0000,0x0000,0x0000,0x0000,0x0000,0x0000,
0x0000,0x0000,0x0000,0x0000,0x0000,0x0000,0x0000,0x0000,0x0000,0x0000,0x39E7,0x0000,0x4A87,0x52A9,0x5AEA,0x4A69,0xB5B6,0xFFFF,
0xFFFF,0xA534,0x4A69,0x5AEA,0x52A9,0x5308,0x0000,0x39E7,0x0000,0x0000,0x0000,0x0000,0x0000,0x0000,0x0000,0x0000,0x0000,0x0000,
0x0000,0x0000,0x0000,0x0000,0x0000,0x0000,0x0000,0x0000,0x0000,0x0000,0x39E7,0x0000,0x2963,0x7BCF,0xFFBF,0xF79E,0xFFDF,0xFFDF,
0xFFDF,0xF7BE,0xF79E,0xF79E,0x738D,0x3A25,0x0000,0x39E7,0x0000,0x0000,0x0000,0x0000,0x0000,0x0000,0x0000,0x0000,0x0000,0x0000,
0x0000,0x0000,0x0000,0x0000,0x0000,0x0000,0x0000,0x0000,0x0000,0x0000,0x39E7,0x0000,0x2963,0x7BEF,0xFFFF,0xFFFF,0xFFDF,0xFFDF,
0xFFDF,0xFFDF,0xFFFF,0xFFFF,0x738D,0x3A25,0x0000,0x39E7,0x0000,0x0000,0x0000,0x0000,0x0000,0x0000,0x0000,0x0000,0x0000,0x0000,
0x0000,0x0000,0x0000,0x0000,0x0000,0x0000,0x0000,0x7BEF,0x39E7,0x39E7,0x39E7,0x39E7,0x2984,0x7BCF,0xF7BE,0xEF7D,0xF7BE,0xFFDF,
0xFFDF,0xF7BE,0xF79E,0xF79E,0x738D,0x3A45,0x39E7,0x39E7,0x39E7,0x39E7,0x7BEF,0x0000,0x0000,0x0000,0x0000,0x0000,0x0000,0x0000,
0x0000,0x0000,0x0000,0x0000,0x0000,0x52AA,0x0000,0x0000,0x0000,0x0000,0x0000,0x0000,0x4AA8,0x5289,0x630B,0x5289,0xC638,0xFFFF,
0xFFFF,0xBDD7,0x5289,0x630B,0x52A9,0x5B69,0x0000,0x0000,0x0000,0x0000,0x0000,0x0000,0x7BEF,0x0000,0x0000,0x0000,0x0000,0x0000,
0x0000,0x0000,0x0000,0x0000,0x52A0,0x0000,0x0000,0x3A44,0x31E4,0x31E5,0x31E4,0x3A25,0x3A45,0x4B06,0x5366,0x4A68,0xDEFB,0xFFFF,
0xFFFF,0xD69A,0x4227,0x5BE7,0x4AE6,0x3A45,0x3A25,0x31E4,0x39E5,0x3A05,0x3A24,0x0000,0x0000,0x0000,0x0000,0x0000,0x0000,0x0000,
0x0000,0x0000,0x0000,0x39E0,0x0000,0x4AA6,0x3A26,0x632B,0x8C71,0xA514,0xA514,0x9492,0x73AE,0x5ACA,0x31E5,0x5AEB,0xFFDF,0xFFDF,
0xFFDF,0xF79E,0x5289,0x39E5,0x5ACA,0x73AE,0x94B2,0xA514,0xA513,0x8C50,0x5AEB,0x3A26,0x4AE7,0x0000,0x52A0,0x0000,0x0000,0x0000,
0x0000,0x0000,0x52AA,0x0000,0x31E5,0x52AA,0xBDD7,0xF7BE,0xFFFF,0xFFFF,0xFFFF,0xFFFF,0xFFFF,0xEF7D,0xBDB7,0xAD75,0xFFFF,0xFFDF,
0xFFDF,0xFFFF,0xA4F3,0xBDB6,0xEF7D,0xFFFF,0xFFFF,0xFFFF,0xFFFF,0xFFFF,0xF79E,0xB596,0x4A89,0x3A46,0x0000,0x52AA,0x0000,0x0000,
0x0000,0x52AA,0x0000,0x4266,0x5ACA,0xE71C,0xFFFF,0xFFDF,0xF7BE,0xF7BE,0xF7BE,0xF7BE,0xFFDF,0xFFFF,0xFFFF,0xFFFF,0xFFDF,0xFFDF,
0xFFDF,0xFFDF,0xFFFF,0xFFFF,0xFFFF,0xFFDF,0xF7BE,0xF7BE,0xF7BE,0xF7BE,0xFFDF,0xFFFF,0xD6BA,0x5289,0x4AC7,0x0000,0x52AA,0x0000,
0x0000,0x0000,0x6449,0x4227,0xD67A,0xFFFF,0xF7BE,0xFFDF,0xFFDF,0xFFDF,0xF7BE,0xF7BE,0xF7BE,0xF7BE,0xF7BE,0xF7BE,0xFFDF,0xFFDF,
0xFFDF,0xFFDF,0xF7BE,0xF7BE,0xF7BE,0xF7BE,0xF7BE,0xF7BE,0xFFDF,0xFFDF,0xFFDF,0xF7BE,0xFFFF,0xAD75,0x4227,0x8DCE,0x0000,0x0000,
0x0000,0x0000,0x31E4,0x840F,0xFFFF,0xF7BE,0xFFDF,0xFFDF,0xFFDF,0xFFFF,0xFFFF,0xFFFF,0xFFFF,0xFFFF,0xFFDF,0xFFDF,0xFFDF,0xFFDF,
0xFFDF,0xFFDF,0xFFDF,0xFFDF,0xFFFF,0xFFFF,0xFFFF,0xFFFF,0xFFDF,0xFFDF,0xFFDF,0xFFDF,0xFFDF,0xEF7D,0x632C,0x4266,0x0000,0x0000,
0x0000,0xFFEF,0x3A06,0xBDD7,0xFFFF,0xF7BE,0xFFDF,0xFFDF,0xFFFF,0xEF7D,0xA514,0x840F,0x8C71,0xC618,0xFFDF,0xFFFF,0xFFDF,0xFFDF,
0xFFDF,0xFFDF,0xFFFF,0xFFDF,0xBDD7,0x8C51,0x840F,0xAD35,0xF79E,0xFFDF,0xFFDF,0xFFDF,0xFFDF,0xFFDF,0x9492,0x3A46,0x0000,0x0000,
0x0000,0xBF2E,0x4267,0xD69A,0xFFFF,0xF7BE,0xFFDF,0xFFDF,0xF7BE,0x738E,0x31C4,0x31E4,0x31E4,0x3A06,0x73AE,0xEF5D,0xFFDF,0xFFDF,
0xFFDF,0xFFDF,0xE71C,0x6B4D,0x3A26,0x3A05,0x31C4,0x31C5,0x8430,0xFFFF,0xFFDF,0xFFDF,0xFFDF,0xFFDF,0xAD55,0x4247,0xDFED,0x0000,
0x0000,0x7DEA,0x4A68,0xDEDB,0xFFFF,0xF7BE,0xF7BE,0xFFFF,0xD6BA,0x4227,0x0000,0x0000,0x0000,0xDFF3,0x39E6,0xCE38,0xFFFF,0xF7BE,
0xF7BE,0xFFFF,0xB5B6,0x31E5,0xFFFF,0x0000,0x0000,0x74CA,0x4A88,0xE71C,0xFFFF,0xF7BE,0xFFDF,0xF7DE,0xAD75,0x4A87,0xBFEF,0x0000,
0x0000,0xB7ED,0x4247,0xD69A,0xFFFF,0xF7BE,0xFFDF,0xFFFF,0xE73C,0x4A68,0x4205,0x000F,0x52AA,0x0000,0x4247,0xCE59,0xFFFF,0xF7BE,
0xF7BE,0xFFFF,0xBDD7,0x4267,0x0000,0x4A66,0x7BEF,0x4286,0x5ACA,0xEF7D,0xFFFF,0xF7BE,0xFFDF,0xF79E,0xA514,0x4247,0xB7ED,0x0000,
0x0000,0x0000,0x31E5,0xAD34,0xFFFF,0xF7BE,0xFFDF,0xF7BE,0xFFFF,0x9CF3,0x31C5,0xB72F,0x0000,0x7BEF,0x4227,0xCE59,0xFFFF,0xF7BE,
0xF7BE,0xFFFF,0xBDD7,0x4246,0x7FEF,0x0000,0xB66F,0x39E6,0xAD55,0xFFFF,0xF7BE,0xFFDF,0xFFDF,0xEF3C,0x8410,0x4246,0x0000,0x0000,
0x0000,0x0000,0x42A6,0x630B,0xF7BE,0xFFDF,0xFFDF,0xFFDF,0xFFDF,0xFFFF,0x8430,0x3A26,0xC751,0x0000,0x4227,0xCE59,0xFFFF,0xF7BE,
0xF7BE,0xFFFF,0xBDD7,0x4246,0x0000,0xA691,0x39E6,0x9492,0xFFFF,0xFFDF,0xFFDF,0xFFDF,0xEF7D,0xC638,0x5289,0x4AE6,0x0000,0x0000,
0x0000,0x7BEF,0xFFFF,0x3A06,0x94B2,0xFFFF,0xF7BE,0xFFDF,0xFFDF,0xFFDF,0xFFFF,0x7BEF,0x3A26,0xB76F,0x4247,0xCE59,0xFFFF,0xF7BE,
0xF7BE,0xFFFF,0xBDD7,0x4266,0xA68F,0x3A06,0x8C50,0xFFFF,0xFFDF,0xFFDF,0xFFDF,0xEF5D,0xDEDB,0x7BAE,0x3A26,0x0000,0x52AA,0x0000,
0x0000,0x7BEF,0x0000,0x63E9,0x4207,0xB596,0xFFFF,0xF7BE,0xFFDF,0xF7BE,0xFFDF,0xF7BE,0x6B6D,0x4246,0x4207,0xCE59,0xFFFF,0xF7BE,
0xF7BE,0xFFFF,0xBDB6,0x39E6,0x3A26,0x7BCF,0xFFDF,0xFFDF,0xF7BE,0xFFFF,0xEF5D,0xDEFB,0x8C71,0x4206,0x8DCB,0x0000,0x0000,0x0000,
0x0000,0x0000,0x7BE0,0x0000,0x4AC7,0x4227,0xBDD7,0xFFFF,0xF7BE,0xFFDF,0xF7BE,0xFFFF,0xEF7D,0xCE59,0xD6BA,0xF79E,0xFFDF,0xFFDF,
0xFFDF,0xFFDF,0xEF7D,0xD67A,0xC638,0xF79E,0xFFFF,0xF7BE,0xFFFF,0xEF5D,0xDEDB,0x94B2,0x4207,0x5B68,0x0000,0x7BEF,0x0000,0x0000,
0x0000,0x0000,0x0000,0x39E7,0x0000,0x5B48,0x4247,0xBDD7,0xFFFF,0xF7BE,0xFFDF,0xFFDF,0xFFDF,0xFFFF,0xFFFF,0xFFDF,0xFFDF,0xFFDF,
0xFFDF,0xFFDF,0xFFDF,0xFFFF,0xFFFF,0xFFDF,0xF7BE,0xFFFF,0xEF5D,0xDEDB,0x9CB2,0x4227,0x52E7,0x0000,0x52AA,0x0000,0x0000,0x0000,
0x0000,0x0000,0x0000,0x0000,0x39E7,0x0000,0x5328,0x4247,0xC618,0xFFFF,0xF7BE,0xF7BE,0xF7BE,0xF7BE,0xF7BE,0xFFDF,0xFFDF,0xFFDF,
0xFFDF,0xFFDF,0xFFDF,0xF7BE,0xF7BE,0xF7BE,0xFFDF,0xEF5D,0xDEDB,0x9CD3,0x4207,0x52E7,0x0000,0x52AA,0x0000,0x0000,0x0000,0x0000,
0x0000,0x0000,0x0000,0x0000,0x0000,0x3186,0x0000,0x4AE7,0x4A68,0xDEFB,0xFFFF,0xFFFF,0xFFFF,0xFFFF,0xFFDF,0xF7BE,0xF7BE,0xF79E,
0xF79E,0xF7BE,0xF7BE,0xFFDF,0xFFFF,0xFFFF,0xF7BE,0xE71C,0xB596,0x4A48,0x4B07,0x0000,0x39E7,0x0000,0x0000,0x0000,0x0000,0x0000,
0x0000,0x0000,0x0000,0x0000,0x0000,0x0000,0x4A49,0x0000,0x4286,0x630B,0xA514,0x8430,0x7BEF,0x73AE,0x738E,0x736D,0x6B6D,0x6B4D,
0x6B4D,0x6B6D,0x6B6D,0x738D,0x73AE,0x7BCF,0x73AE,0x8C50,0x5289,0x4286,0x0000,0x5145,0x0000,0x0000,0x0000,0x0000,0x0000,0x0000,
0x0000,0x0000,0x0000,0x0000,0x0000,0x0000,0x0000,0x4266,0x52A9,0x7BAE,0x94B2,0xB596,0xC618,0xD69A,0xDEDB,0xE71C,0xE73C,0xE73C,
0xE73C,0xE73C,0xE71C,0xDEDB,0xCE79,0xC618,0xB596,0x9CD3,0x73AE,0x4A88,0x4287,0x0000,0x7BEF,0x0000,0x0000,0x0000,0x0000,0x0000,
0x0000,0x0000,0x0000,0x0000,0x52AA,0x0000,0x4286,0x630B,0xDEDB,0xFFFF,0xFFFF,0xFFFF,0xFFFF,0xFFFF,0xFFFF,0xFFFF,0xFFFF,0xFFFF,
0xFFFF,0xFFFF,0xFFFF,0xFFFF,0xFFFF,0xFFFF,0xFFFF,0xFFFF,0xFFFF,0xD69A,0x5AEA,0x4286,0x0000,0x52AA,0x0000,0x0000,0x0000,0x0000,
0x0000,0x0000,0x0000,0x0000,0x0000,0xFFFF,0x4226,0xC5F8,0xFFFF,0xF7BE,0xF7BE,0xF7BE,0xF7BE,0xF7BE,0xF7BE,0xF7BE,0xF7BE,0xFFDF,
0xFFDF,0xF7BE,0xF7BE,0xF7BE,0xF7BE,0xF7BE,0xF7BE,0xF7BE,0xF7BE,0xFFFF,0xB5B6,0x3A06,0x0000,0x0000,0x0000,0x0000,0x0000,0x0000,
0x0000,0x0000,0x0000,0x7BE0,0x0000,0x5386,0x5289,0xE71C,0xFFDF,0xF7BE,0xF7BE,0xFFBE,0xFFDF,0xFFDF,0xFFDF,0xFFDF,0xFFDF,0xFFDF,
0xFFDF,0xFFDF,0xFFDF,0xFFDF,0xFFDF,0xFFDF,0xFFBE,0xF7BE,0xF7BE,0xFFFF,0xDEDB,0x4A68,0x7508,0x0000,0x0000,0x0000,0x0000,0x0000,
0x0000,0x0000,0x0000,0x7BE0,0x0000,0x3AA4,0x52CA,0xF79E,0xFFFF,0xFFFF,0xFFFF,0xFFFF,0xFFFF,0xFFFF,0xFFFF,0xFFFF,0xFFFF,0xFFFF,
0xFFFF,0xFFFF,0xFFFF,0xFFFF,0xFFFF,0xFFFF,0xFFFF,0xFFFF,0xFFFF,0xFFFF,0xE73C,0x52A8,0x5BA7,0x0000,0x7BE0,0x0000,0x0000,0x0000,
0x0000,0x0000,0x0000,0x7BE0,0x0000,0x42A5,0x5289,0xCE79,0xDEDB,0xDEDB,0xDEDB,0xDEDB,0xDEDB,0xDEDB,0xDEDB,0xDEDB,0xDEDB,0xDEDB,
0xDEDB,0xDEDB,0xDEDB,0xDEDB,0xDEDB,0xDEDB,0xDEDB,0xDEDB,0xDEDB,0xDEFB,0xC639,0x4A88,0x53C7,0x0000,0x7BE0,0x0000,0x0000,0x0000,
0x0000,0x0000,0x0000,0x7BE0,0x0000,0x63C8,0x4A88,0x4A48,0x4A68,0x4A68,0x4A68,0x4A68,0x4A68,0x4A68,0x4A68,0x4A68,0x4A68,0x4A68,
0x4A68,0x4A68,0x4A68,0x4A68,0x4A68,0x4A68,0x4A68,0x4A68,0x4A68,0x4A68,0x4A48,0x4AA8,0x6C2A,0x0000,0xFFE0,0x0000,0x0000,0x0000,
0x0000,0x0000,0x0000,0x0000,0x0000,0xFFE0,0x8DCB,0x6D47,0x6CA7,0x6CA7,0x6CA7,0x6CA7,0x6CA7,0x6CA7,0x6CA7,0x6CA7,0x6CA7,0x6CA7,
0x6CA7,0x6CA7,0x6CA7,0x6CA7,0x6CA7,0x6CA7,0x6CA7,0x6CA7,0x6CA7,0x6CA7,0x7D4A,0x95A9,0x0000,0x0000,0x0000,0x0000,0x0000,0x0000,
};
static const uint8_t wk_mask[162] PROGMEM={
0x00,0x00,0x00,0x00,0x00,0x00,0xF8,0x01,0x00,0x00,0x80,0x1F,0x00,0x00,0x00,0xFE,0x07,0x00,0x00,0xF0,0xFF,0x00,0x00,0x00,
0xFF,0x0F,0x00,0x00,0xF0,0xFF,0x00,0x00,0x00,0xFF,0x0F,0x00,0x00,0xF0,0xFF,0x00,0x00,0xF8,0xFF,0xFF,0x01,0xE0,0xFF,0xFF,
0x7F,0x00,0xFF,0xFF,0xFF,0x0F,0xF8,0xFF,0xFF,0xFF,0x81,0xFF,0xFF,0xFF,0x1F,0xFC,0xFF,0xFF,0xFF,0xC3,0xFF,0xFF,0xFF,0x3F,
0xFC,0xFF,0xFF,0xFF,0xC3,0x3F,0xFC,0xC3,0x3F,0xFC,0xC3,0x3F,0xFE,0xC3,0x7F,0xFC,0xE3,0x3F,0xFC,0xCF,0x3F,0xFF,0x83,0xFF,
0xFD,0xFB,0x1F,0xF8,0xFF,0xFF,0xFF,0x00,0xFF,0xFF,0xFF,0x0F,0xE0,0xFF,0xFF,0x7F,0x00,0xFC,0xFF,0xFF,0x03,0x80,0xFF,0xFF,
0x1F,0x00,0xF0,0xFF,0xFF,0x00,0x80,0xFF,0xFF,0x1F,0x00,0xFC,0xFF,0xFF,0x03,0xC0,0xFF,0xFF,0x3F,0x00,0xFC,0xFF,0xFF,0x03,
0xC0,0xFF,0xFF,0x3F,0x00,0xFC,0xFF,0xFF,0x03,0xC0,0xFF,0xFF,0x3F,0x00,0x00,0x00,0x00,0x00,
};
static const uint16_t bp_pix[1296] PROGMEM={
0x0000,0x0000,0x0000,0x0000,0x0000,0x0000,0x0000,0x0000,0x0000,0x0000,0x0000,0x0000,0x0000,0x52AA,0x0000,0x0000,0x0000,0x0000,
0x0000,0x0000,0x0000,0x52AA,0x0000,0x0000,0x0000,0x0000,0x0000,0x0000,0x0000,0x0000,0x0000,0x0000,0x0000,0x0000,0x0000,0x0000,
0x0000,0x0000,0x0000,0x0000,0x0000,0x0000,0x0000,0x0000,0x0000,0x0000,0x0000,0x0000,0x0000,0x0000,0x7D4B,0x4AE6,0x3204,0x4265,
0x3A25,0x5307,0xC7F1,0x0000,0x0000,0x0000,0x0000,0x0000,0x0000,0x0000,0x0000,0x0000,0x0000,0x0000,0x0000,0x0000,0x0000,0x0000,
0x0000,0x0000,0x0000,0x0000,0x0000,0x0000,0x0000,0x0000,0x0000,0x0000,0x0000,0x0000,0x0000,0x4AC7,0x31C4,0x39C6,0x4207,0x39E7,
0x39A6,0x31A5,0x31C5,0x4B07,0x0000,0x0000,0x0000,0x0000,0x0000,0x0000,0x0000,0x0000,0x0000,0x0000,0x0000,0x0000,0x0000,0x0000,
0x0000,0x0000,0x0000,0x0000,0x0000,0x0000,0x0000,0x0000,0x0000,0x0000,0x52AA,0x0000,0x3A25,0x3185,0x528A,0x736D,0x630C,0x62EB,
0x5ACB,0x528A,0x39C7,0x3185,0x4286,0x0000,0x52AA,0x0000,0x0000,0x0000,0x0000,0x0000,0x0000,0x0000,0x0000,0x0000,0x0000,0x0000,
0x0000,0x0000,0x0000,0x0000,0x0000,0x0000,0x0000,0x0000,0x0000,0x52AA,0x0000,0x4AC6,0x3185,0x630C,0x83CF,0x5ACB,0x5AAA,0x5ACA,
0x5ACA,0x5ACA,0x62EB,0x41C7,0x2984,0x4AE7,0x0000,0x7BEF,0x0000,0x0000,0x0000,0x0000,0x0000,0x0000,0x0000,0x0000,0x0000,0x0000,
0x0000,0x0000,0x0000,0x0000,0x0000,0x0000,0x0000,0x0000,0x0000,0x0000,0x9D8C,0x2984,0x5269,0x840F,0x5AAA,0x5ACA,0x5ACA,0x5ACA,
0x5ACA,0x5ACA,0x5ACA,0x5ACA,0x3165,0x31E5,0x95ED,0x0000,0x0000,0x0000,0x0000,0x0000,0x0000,0x0000,0x0000,0x0000,0x0000,0x0000,
0x0000,0x0000,0x0000,0x0000,0x0000,0x0000,0x0000,0x0000,0x52A0,0x0000,0x42A6,0x3185,0x7BAE,0x6B2C,0x5AAA,0x5ACA,0x5ACA,0x5ACA,
0x5ACA,0x5ACA,0x5ACA,0x5ACA,0x4208,0x2964,0x4AE7,0x0000,0x02A0,0x0000,0x0000,0x0000,0x0000,0x0000,0x0000,0x0000,0x0000,0x0000,
0x0000,0x0000,0x0000,0x0000,0x0000,0x0000,0x0000,0x0000,0x39E7,0x0000,0x31C4,0x4207,0x7BAE,0x5AAA,0x5ACA,0x5ACA,0x5ACA,0x5ACA,
0x5ACA,0x5ACA,0x5ACA,0x5ACA,0x4A28,0x3185,0x3A65,0x0000,0x39E7,0x0000,0x0000,0x0000,0x0000,0x0000,0x0000,0x0000,0x0000,0x0000,
0x0000,0x0000,0x0000,0x0000,0x0000,0x0000,0x0000,0x0000,0x39E7,0x0000,0x2123,0x4A28,0x734D,0x5AAA,0x5ACA,0x5ACA,0x5ACA,0x5ACA,
0x5ACA,0x5ACA,0x5ACA,0x5ACA,0x4A28,0x3185,0x3A25,0x0000,0x39E7,0x0000,0x0000,0x0000,0x0000,0x0000,0x0000,0x0000,0x0000,0x0000,
0x0000,0x0000,0x0000,0x0000,0x0000,0x0000,0x0000,0x0000,0x39E7,0x0000,0x3A25,0x39E6,0x62EB,0x5ACA,0x5ACA,0x5ACA,0x5ACA,0x5ACA,
0x5ACA,0x5ACA,0x5ACA,0x52AA,0x4208,0x3185,0x42C6,0x0000,0x39E7,0x0000,0x0000,0x0000,0x0000,0x0000,0x0000,0x0000,0x0000,0x0000,
0x0000,0x0000,0x0000,0x0000,0x0000,0x0000,0x0000,0x0000,0x52A0,0x0000,0x5367,0x3185,0x4A49,0x62EB,0x5ACA,0x5ACA,0x5ACA,0x5ACA,
0x5ACA,0x5ACA,0x5ACA,0x4A49,0x39A7,0x2984,0x5B88,0x0000,0x7BE0,0x0000,0x0000,0x0000,0x0000,0x0000,0x0000,0x0000,0x0000,0x0000,
0x0000,0x0000,0x0000,0x0000,0x0000,0x0000,0x0000,0x0000,0x0000,0x0000,0xFFF5,0x3A25,0x3186,0x62EB,0x5ACA,0x5ACA,0x5ACA,0x5ACA,
0x5ACB,0x5AAA,0x4A49,0x4228,0x3165,0x3A05,0x0000,0x52AA,0x0000,0x0000,0x0000,0x0000,0x0000,0x0000,0x0000,0x0000,0x0000,0x0000,
0x0000,0x0000,0x0000,0x0000,0x0000,0x0000,0x0000,0x0000,0x0000,0x52AA,0x0000,0x7CCB,0x31C5,0x3186,0x5AAA,0x5ACA,0x5ACA,0x5AAA,
0x5269,0x4A28,0x4207,0x2945,0x31E5,0x9EAC,0x0000,0x7BEF,0x0000,0x0000,0x0000,0x0000,0x0000,0x0000,0x0000,0x0000,0x0000,0x0000,
0x0000,0x0000,0x0000,0x0000,0x0000,0x0000,0x0000,0x0000,0x0000,0x0000,0x0000,0x4AA6,0x2984,0x31A6,0x5ACA,0x5ACA,0x5ACA,0x5AAA,
0x5AAA,0x5AAA,0x4A69,0x2924,0x31E5,0x4AE6,0x0000,0x0000,0x0000,0x0000,0x0000,0x0000,0x0000,0x0000,0x0000,0x0000,0x0000,0x0000,
0x0000,0x0000,0x0000,0x0000,0x0000,0x0000,0x0000,0x0000,0x0000,0x4AC7,0x31E5,0x3165,0x5AAA,0x7BCE,0x5ACB,0x5ACA,0x5ACA,0x5ACA,
0x5ACA,0x5ACA,0x5ACB,0x4A49,0x3165,0x2964,0x31E5,0x5367,0x7BE0,0x0000,0x0000,0x0000,0x0000,0x0000,0x0000,0x0000,0x0000,0x0000,
0x0000,0x0000,0x0000,0x0000,0x0000,0x0000,0x0000,0x0000,0x0000,0x3A05,0x3185,0x6B0C,0x83EF,0x6B2C,0x5AAA,0x5ACA,0x5ACA,0x5ACA,
0x5ACA,0x5ACA,0x5ACA,0x5269,0x4228,0x39C7,0x3165,0x2964,0x0000,0x39E7,0x0000,0x0000,0x0000,0x0000,0x0000,0x0000,0x0000,0x0000,
0x0000,0x0000,0x0000,0x0000,0x0000,0x0000,0x0000,0x3807,0x0000,0x31C4,0x39A6,0x630B,0x5ACA,0x62EB,0x62EB,0x5ACA,0x5ACA,0x5ACA,
0x5ACA,0x5ACA,0x5AEB,0x5269,0x4A28,0x4A48,0x3185,0x2984,0x0000,0x39E7,0x0000,0x0000,0x0000,0x0000,0x0000,0x0000,0x0000,0x0000,
0x0000,0x0000,0x0000,0x0000,0x0000,0x0000,0x0000,0x52AA,0x0000,0x4AE7,0x3185,0x39A6,0x41E7,0x39C7,0x4A28,0x5269,0x5269,0x5269,
0x5269,0x5269,0x4207,0x3185,0x3186,0x3165,0x3184,0x5327,0x0000,0x52A0,0x0000,0x0000,0x0000,0x0000,0x0000,0x0000,0x0000,0x0000,
0x0000,0x0000,0x0000,0x0000,0x0000,0x0000,0x0000,0x0000,0x52A0,0x0000,0x4246,0x3A25,0x3A05,0x2143,0x3186,0x4228,0x4228,0x4228,
0x4228,0x4A28,0x3165,0x2964,0x3A25,0x3A25,0x4286,0x0000,0x52A0,0x0000,0x0000,0x0000,0x0000,0x0000,0x0000,0x0000,0x0000,0x0000,
0x0000,0x0000,0x0000,0x0000,0x0000,0x0000,0x0000,0x0000,0x0000,0x0000,0x0000,0xFFFA,0x9E6D,0x31A5,0x4A28,0x5269,0x4208,0x4228,
0x4228,0x4A48,0x39A6,0x31C5,0xCFF1,0xFFFA,0x0000,0x0000,0x0000,0x0000,0x0000,0x0000,0x0000,0x0000,0x0000,0x0000,0x0000,0x0000,
0x0000,0x0000,0x0000,0x0000,0x0000,0x0000,0x0000,0x0000,0x0000,0x0000,0x3186,0x0000,0x4AE7,0x3185,0x5269,0x5ACB,0x4A69,0x4208,
0x4228,0x4A28,0x39E7,0x3185,0x5307,0x0000,0x39E7,0x0000,0x0000,0x0000,0x0000,0x0000,0x0000,0x0000,0x0000,0x0000,0x0000,0x0000,
0x0000,0x0000,0x0000,0x0000,0x0000,0x0000,0x0000,0x0000,0x0000,0x0000,0x52AA,0x0000,0x31E5,0x39C7,0x62EB,0x5ACA,0x5ACA,0x4A69,
0x4208,0x4228,0x4228,0x3165,0x3A45,0x0000,0x52AA,0x0000,0x0000,0x0000,0x0000,0x0000,0x0000,0x0000,0x0000,0x0000,0x0000,0x0000,
0x0000,0x0000,0x0000,0x0000,0x0000,0x0000,0x0000,0x0000,0x0000,0x6326,0x0000,0x4AA6,0x2984,0x62EB,0x62EB,0x5ACA,0x5ACA,0x5ACA,
0x5269,0x4208,0x4A28,0x39C7,0x2984,0x5327,0x0000,0x6326,0x0000,0x0000,0x0000,0x0000,0x0000,0x0000,0x0000,0x0000,0x0000,0x0000,
0x0000,0x0000,0x0000,0x0000,0x0000,0x0000,0x0000,0x0000,0x3186,0x0000,0x6C09,0x2964,0x528A,0x738D,0x5AAA,0x5ACA,0x5ACA,0x5ACA,
0x5ACA,0x5269,0x4208,0x4A28,0x3185,0x3184,0x5388,0x0000,0x3186,0x0000,0x0000,0x0000,0x0000,0x0000,0x0000,0x0000,0x0000,0x0000,
0x0000,0x0000,0x0000,0x0000,0x0000,0x0000,0x0000,0x0000,0x0000,0x5B67,0x2143,0x4228,0x8C10,0x630B,0x5AAA,0x5ACA,0x5ACA,0x5ACA,
0x5ACA,0x5ACA,0x5269,0x4228,0x4228,0x3165,0x3184,0x5B88,0x0000,0x0000,0x0000,0x0000,0x0000,0x0000,0x0000,0x0000,0x0000,0x0000,
0x0000,0x0000,0x0000,0x0000,0x0000,0x0000,0x0000,0x0000,0x4266,0x2964,0x4A48,0x8C30,0x7BAE,0x5AAA,0x5ACA,0x5ACA,0x5ACA,0x5ACA,
0x5ACA,0x5ACA,0x5ACA,0x528A,0x4A48,0x4208,0x3165,0x3184,0x4AC7,0x0000,0x0000,0x0000,0x0000,0x0000,0x0000,0x0000,0x0000,0x0000,
0x0000,0x0000,0x0000,0x0000,0x0000,0x0000,0x8DED,0x3A25,0x3185,0x62CB,0x8C30,0x83CF,0x62EB,0x5ACA,0x5ACA,0x5ACA,0x5ACA,0x5ACA,
0x5ACA,0x5ACA,0x5ACA,0x5ACA,0x5AAA,0x5289,0x4A49,0x31A6,0x2964,0x4266,0x8DCC,0x0000,0x0000,0x0000,0x0000,0x0000,0x0000,0x0000,
0x0000,0x0000,0x0000,0x0000,0x7BE0,0xAF4F,0x3A25,0x39A6,0x7BAE,0x8C50,0x738D,0x5ACB,0x5ACA,0x5ACA,0x5ACA,0x5ACA,0x5ACA,0x5ACA,
0x5ACA,0x5ACA,0x5ACA,0x5ACA,0x5ACA,0x5ACA,0x5ACA,0x5ACA,0x4A49,0x3185,0x4266,0x0000,0x7BEF,0x0000,0x0000,0x0000,0x0000,0x0000,
0x0000,0x0000,0x0000,0x39E7,0x0000,0x4286,0x31A5,0x7BAE,0x8C10,0x6B2C,0x5AAA,0x5ACA,0x5ACA,0x5ACA,0x5ACA,0x5ACA,0x5ACA,0x5ACA,
0x5ACA,0x5ACA,0x5ACA,0x5ACA,0x5ACA,0x5ACA,0x5ACA,0x5ACA,0x62EB,0x5269,0x3185,0x4AC7,0x0000,0x39E7,0x0000,0x0000,0x0000,0x0000,
0x0000,0x0000,0x0000,0x0000,0x8E2E,0x2984,0x5AAA,0x8410,0x5ACB,0x5AAA,0x5ACA,0x5ACA,0x5ACA,0x5ACA,0x5ACA,0x5ACA,0x5ACA,0x5ACA,
0x5ACA,0x5ACA,0x5ACA,0x5ACA,0x5ACA,0x5ACA,0x5ACA,0x5ACA,0x5AAA,0x62EB,0x41E7,0x31C5,0x8E2C,0x0000,0x0000,0x0000,0x0000,0x0000,
0x0000,0x0000,0x0000,0x0000,0x4AC6,0x31A5,0x738D,0x62EB,0x5AAA,0x5ACA,0x5ACA,0x5ACA,0x5ACA,0x5ACA,0x5ACA,0x5ACA,0x5ACA,0x5ACA,
0x5ACA,0x5ACA,0x5ACA,0x5ACA,0x5ACA,0x5ACA,0x5ACA,0x5ACA,0x5ACA,0x5ACB,0x5269,0x31A5,0x5347,0x0000,0x0000,0x0000,0x0000,0x0000,
0x0000,0x0000,0x0000,0x0000,0x3A25,0x4207,0x6B4C,0x5AAA,0x5ACA,0x5ACA,0x5ACA,0x5ACA,0x5ACA,0x5ACA,0x5ACA,0x5ACA,0x5ACA,0x5ACA,
0x5ACA,0x5ACA,0x5ACA,0x5ACA,0x5ACA,0x5ACA,0x5ACA,0x5ACA,0x5ACA,0x5ACA,0x5AAA,0x31A6,0x3A45,0x0000,0x0000,0x0000,0x0000,0x0000,
0x0000,0x0000,0x0000,0x0000,0x3A25,0x4228,0x6B2C,0x62EB,0x62EB,0x62EB,0x62EB,0x62EB,0x62EB,0x62EB,0x62EB,0x62EB,0x62EB,0x62EB,
0x62EB,0x62EB,0x62EB,0x62EB,0x62EB,0x62EB,0x62EB,0x62EB,0x62EB,0x62EB,0x630B,0x39C6,0x3A65,0x0000,0x0000,0x0000,0x0000,0x0000,
0x0000,0x0000,0x0000,0x0000,0x3A05,0x3186,0x41E7,0x41E7,0x41E7,0x41E7,0x41E7,0x41E7,0x41E7,0x41E7,0x41E7,0x41E7,0x41E7,0x41E7,
0x41E7,0x41E7,0x41E7,0x41E7,0x41E7,0x41E7,0x41E7,0x41E7,0x41E7,0x41E7,0x41E7,0x3185,0x3A45,0x0000,0x0000,0x0000,0x0000,0x0000,
0x0000,0x0000,0x0000,0x0000,0x4AC6,0x31E5,0x29A4,0x31A4,0x31A4,0x31A4,0x31A4,0x31A4,0x31A4,0x31A4,0x31A4,0x31A4,0x31A4,0x31A4,
0x31A4,0x31A4,0x31A4,0x31A4,0x31A4,0x31A4,0x31A4,0x31A4,0x31A4,0x31A4,0x29A4,0x31E5,0x4AC7,0x0000,0x0000,0x0000,0x0000,0x0000,
0x0000,0x0000,0x0000,0x0000,0x0000,0x0000,0x0000,0x0000,0x0000,0x0000,0x0000,0x0000,0x0000,0x0000,0x0000,0x0000,0x0000,0x0000,
0x0000,0x0000,0x0000,0x0000,0x0000,0x0000,0x0000,0x0000,0x0000,0x0000,0x0000,0x0000,0x0000,0x0000,0x0000,0x0000,0x0000,0x0000,
};
static const uint8_t bp_mask[162] PROGMEM={
0x00,0x00,0x00,0x00,0x00,0x00,0xF8,0x00,0x00,0x00,0xE0,0x3F,0x00,0x00,0x00,0xFF,0x07,0x00,0x00,0xF8,0xFF,0x00,0x00,0x80,
0xFF,0x0F,0x00,0x00,0xFC,0xFF,0x01,0x00,0xC0,0xFF,0x1F,0x00,0x00,0xFC,0xFF,0x01,0x00,0xC0,0xFF,0x1F,0x00,0x00,0xFC,0xFF,
0x01,0x00,0x80,0xFF,0x0F,0x00,0x00,0xF0,0x7F,0x00,0x00,0x80,0xFF,0x0F,0x00,0x00,0xFC,0xFF,0x01,0x00,0xE0,0xFF,0x3F,0x00,
0x00,0xFE,0xFF,0x03,0x00,0xE0,0xFF,0x3F,0x00,0x00,0xFC,0xFF,0x01,0x00,0x00,0xFE,0x03,0x00,0x00,0xF0,0x7F,0x00,0x00,0x00,
0xFF,0x07,0x00,0x00,0xF8,0xFF,0x00,0x00,0x80,0xFF,0x0F,0x00,0x00,0xFE,0xFF,0x03,0x00,0xF0,0xFF,0x7F,0x00,0x80,0xFF,0xFF,
0x0F,0x00,0xFC,0xFF,0xFF,0x01,0xE0,0xFF,0xFF,0x3F,0x00,0xFE,0xFF,0xFF,0x03,0xF0,0xFF,0xFF,0x7F,0x00,0xFF,0xFF,0xFF,0x07,
0xF0,0xFF,0xFF,0x7F,0x00,0xFF,0xFF,0xFF,0x07,0xF0,0xFF,0xFF,0x7F,0x00,0x00,0x00,0x00,0x00,
};
static const uint16_t bn_pix[1296] PROGMEM={
0x0000,0x0000,0x0000,0x0000,0x0000,0x0000,0x0000,0x0000,0x0000,0x0000,0x0000,0xFFFF,0x0000,0x0000,0x0000,0x0000,0x7BEF,0x0000,
0x0000,0x0000,0x0000,0x0000,0x0000,0x0000,0x0000,0x0000,0x0000,0x0000,0x0000,0x0000,0x0000,0x0000,0x0000,0x0000,0x0000,0x0000,
0x0000,0x0000,0x0000,0x0000,0x0000,0x0000,0x0000,0x0000,0x0000,0x0000,0x7BEF,0x0000,0xC615,0x6B4B,0x7BCD,0xFFFF,0x0000,0xFFEF,
0x0000,0x0000,0x0000,0x0000,0x0000,0x0000,0x0000,0x0000,0x0000,0x0000,0x0000,0x0000,0x0000,0x0000,0x0000,0x0000,0x0000,0x0000,
0x0000,0x0000,0x0000,0x0000,0x0000,0x0000,0x0000,0x0000,0x0000,0x0000,0x7BE0,0xFFFF,0x5268,0x4A48,0x39C7,0x738C,0xFFFF,0x0000,
0x3186,0x7BE7,0x52AA,0x0000,0x0000,0x0000,0x0000,0x0000,0x0000,0x0000,0x0000,0x0000,0x0000,0x0000,0x0000,0x0000,0x0000,0x0000,
0x0000,0x0000,0x0000,0x0000,0x0000,0x0000,0x0000,0x0000,0x0000,0x7BEF,0x7BEF,0xA532,0x4207,0x83CF,0x6B2C,0x3185,0x5268,0xFFFF,
0x0000,0x0000,0x0000,0x0000,0x7BE7,0xFFFF,0x0000,0x0000,0x0000,0x0000,0x0000,0x0000,0x0000,0x0000,0x0000,0x0000,0x0000,0x0000,
0x0000,0x0000,0x0000,0x0000,0x0000,0x0000,0x0000,0x0000,0x0000,0x7BEA,0x0000,0x632A,0x4228,0x8C10,0x736D,0x5A8A,0x31A6,0x4207,
0x5AEA,0x736C,0xAD52,0x0000,0x0000,0x0000,0x52AA,0x0000,0x0000,0x0000,0x0000,0x0000,0x0000,0x0000,0x0000,0x0000,0x0000,0x0000,
0x0000,0x0000,0x0000,0x0000,0x0000,0x0000,0x0000,0x0000,0xAD55,0x0000,0xBDF4,0x4207,0x5ACB,0x8C50,0x630B,0x5ACA,0x5AAA,0x4208,
0x41E7,0x39C6,0x39C6,0x4A68,0x840E,0xFFFF,0x0000,0x52AA,0x0000,0x0000,0x0000,0x0000,0x0000,0x0000,0x0000,0x0000,0x0000,0x0000,
0x0000,0x0000,0x0000,0x0000,0x0000,0x0000,0x0000,0x7BEF,0x0000,0xAD52,0x4227,0x5289,0x8C30,0x6B4C,0x5AAA,0x5ACA,0x5ACA,0x62EB,
0x62EB,0x5ACA,0x4A49,0x39C6,0x39A6,0x52A9,0xA511,0x0000,0x0000,0xFFE0,0x0000,0x0000,0x0000,0x0000,0x0000,0x0000,0x0000,0x0000,
0x0000,0x0000,0x0000,0x0000,0x0000,0x0000,0x7BEF,0x0000,0xE719,0x5289,0x5289,0x8C30,0x630B,0x5ACA,0x62EB,0x5ACA,0x5ACA,0x5ACA,
0x5ACA,0x5ACA,0x62EB,0x62EB,0x4A69,0x3186,0x39C6,0x840E,0x0000,0x0000,0xFFFF,0x0000,0x0000,0x0000,0x0000,0x0000,0x0000,0x0000,
0x0000,0x0000,0x0000,0x0000,0x0000,0x0000,0x39E7,0x0000,0x7BCD,0x4A28,0x8C30,0x630C,0x5ACA,0x5269,0x4A28,0x5ACA,0x5ACA,0x5ACA,
0x5ACA,0x5ACA,0x5ACA,0x5ACA,0x5ACB,0x5AAA,0x39C6,0x39A6,0x73AC,0xFFFF,0x52AA,0x0000,0x0000,0x0000,0x0000,0x0000,0x0000,0x0000,
0x0000,0x0000,0x0000,0x0000,0x0000,0x0000,0x0000,0xFFFF,0x4A48,0x62EB,0x7BCE,0x5AAA,0x5269,0x2103,0x18C3,0x4228,0x62EB,0x5ACA,
0x5ACA,0x5ACA,0x5ACA,0x5ACA,0x5ACA,0x5ACA,0x5AAA,0x39C7,0x39C6,0x8C4F,0x0000,0x7BEF,0x0000,0x0000,0x0000,0x0000,0x0000,0x0000,
0x0000,0x0000,0x0000,0x0000,0x0000,0x7BEF,0x0000,0xA532,0x4207,0x7BAE,0x6B2C,0x5ACA,0x39C7,0x2944,0x3185,0x5289,0x5ACB,0x5ACA,
0x5ACA,0x5ACA,0x5ACA,0x5ACA,0x5ACA,0x5ACA,0x5ACA,0x5289,0x3186,0x4207,0xB593,0x0000,0x7BEF,0x0000,0x0000,0x0000,0x0000,0x0000,
0x0000,0x0000,0x0000,0x0000,0x0000,0x7BE7,0x0000,0x632B,0x4A49,0x8C30,0x5ACB,0x5ACA,0x5AAA,0x5ACA,0x5ACB,0x5ACB,0x5ACA,0x5ACA,
0x5ACA,0x5ACA,0x5ACA,0x5ACA,0x5ACA,0x5ACA,0x5ACA,0x5AAA,0x4A28,0x3185,0x62EA,0xFFFF,0x0000,0x0000,0x0000,0x0000,0x0000,0x0000,
0x0000,0x0000,0x0000,0x0000,0x52AA,0x0000,0xAD73,0x41E7,0x736D,0x7BAE,0x5AAA,0x5ACA,0x5ACA,0x5ACA,0x5ACA,0x5ACA,0x5ACA,0x5ACA,
0x5ACA,0x528A,0x5ACA,0x5ACA,0x5ACA,0x5ACA,0x5ACA,0x5ACA,0x4A49,0x39C7,0x41E7,0x9CF1,0x0000,0x7BEF,0x0000,0x0000,0x0000,0x0000,
0x0000,0x0000,0x0000,0x7BEF,0x0000,0xFFFF,0x5289,0x5269,0x83EF,0x5ACA,0x5ACA,0x5ACA,0x5ACA,0x5ACA,0x5ACA,0x5ACA,0x5ACA,0x5ACA,
0x528A,0x4A48,0x5ACA,0x5ACA,0x5ACA,0x5ACA,0x5ACA,0x5ACA,0x4A69,0x4A28,0x31A6,0x5AEA,0x0000,0x0000,0x0000,0x0000,0x0000,0x0000,
0x0000,0x0000,0x0000,0x39E7,0x0000,0x6B6C,0x4207,0x83EF,0x62EB,0x5AAA,0x5ACA,0x5ACA,0x5ACA,0x5ACA,0x5ACA,0x5ACA,0x5ACA,0x5ACB,
0x4A28,0x4A48,0x5ACA,0x5ACA,0x5ACA,0x5ACA,0x5ACA,0x5ACA,0x5269,0x4A28,0x39C6,0x4A48,0xEFBA,0x0000,0xFFFF,0x0000,0x0000,0x0000,
0x0000,0x0000,0x52AA,0x0000,0x8C6F,0x39E7,0x736D,0x6B4C,0x5AAA,0x5ACA,0x5ACA,0x5ACA,0x5ACA,0x5ACA,0x5ACA,0x5ACA,0x5ACA,0x3185,
0x39C6,0x5269,0x5ACA,0x5ACA,0x5ACA,0x5ACA,0x5ACA,0x5ACA,0x5289,0x4228,0x41E7,0x4207,0x9CD0,0x0000,0x7BEF,0x0000,0x0000,0x0000,
0x0000,0x0000,0x0000,0xD6F7,0x4A27,0x5ACA,0x738D,0x5AAA,0x5ACA,0x5ACA,0x5ACA,0x5ACA,0x5ACA,0x5ACA,0x62EB,0x5ACA,0x39C6,0x39C6,
0x3185,0x528A,0x5ACA,0x5ACA,0x5ACA,0x5ACA,0x5ACA,0x5ACA,0x5289,0x4228,0x4228,0x39A6,0x6B6C,0x0000,0x39E7,0x0000,0x0000,0x0000,
0x0000,0x0000,0xFFFF,0x630A,0x4A48,0x7BAE,0x5AAA,0x5ACA,0x5ACA,0x5ACA,0x528A,0x5269,0x5ACA,0x62EB,0x4A49,0x39E7,0x4227,0x94B0,
0x39C6,0x5AAA,0x5ACA,0x5ACA,0x5ACA,0x5ACA,0x5ACA,0x5ACA,0x5269,0x4208,0x4A28,0x39C6,0x632B,0x0000,0x3186,0x0000,0x0000,0x0000,
0x0000,0x0000,0xFFFF,0x630B,0x5269,0x630B,0x5AAA,0x5ACA,0x5ACA,0x5ACA,0x4A28,0x31A6,0x39A6,0x41E7,0x4A48,0x6B4C,0x0000,0x5288,
0x39C7,0x62EB,0x5ACA,0x5ACA,0x5ACA,0x5ACA,0x5ACA,0x5ACA,0x4A48,0x4228,0x4A28,0x39C6,0x4A48,0x0000,0x3186,0x0000,0x0000,0x0000,
0x0000,0x0000,0xFFFF,0x6B6C,0x39A6,0x5ACA,0x62EB,0x5ACB,0x5ACB,0x52AA,0x3165,0x4A68,0x7BCD,0x842E,0xBDD4,0x0000,0x7BCD,0x39A6,
0x5289,0x5ACB,0x5ACA,0x5ACA,0x5ACA,0x5ACA,0x5ACA,0x5AAA,0x4228,0x4228,0x4A28,0x39C6,0x4207,0x0000,0x3186,0x0000,0x0000,0x0000,
0x0000,0x0000,0x0000,0xDED8,0x5AEA,0x39C7,0x4208,0x5269,0x5ACA,0x31A6,0x4A48,0xFFFD,0x0000,0x0000,0xFFFF,0x7BCD,0x39A6,0x4A49,
0x62EB,0x5ACA,0x5ACA,0x5ACA,0x5ACA,0x5ACA,0x5ACB,0x5269,0x4208,0x4228,0x4A28,0x39C6,0x5288,0x0000,0x3186,0x0000,0x0000,0x0000,
0x0000,0x0000,0xFFFF,0x0000,0xFFFF,0x7BED,0x5ACA,0x4A28,0x4207,0x4A48,0x94B0,0x0000,0x0000,0xEF79,0x630B,0x39A6,0x5269,0x62EB,
0x5ACA,0x5ACA,0x5ACA,0x5ACA,0x5ACA,0x5ACA,0x5AAA,0x4228,0x4228,0x4228,0x4228,0x39A6,0x736C,0x0000,0x3186,0x0000,0x0000,0x0000,
0x0000,0x0000,0x0000,0xFFFF,0x0000,0x0000,0xFFFF,0xB5B4,0x9CD0,0xAD52,0x0000,0x0000,0xFFDB,0x5AEA,0x3186,0x5AAA,0x62EB,0x5ACA,
0x5ACA,0x5ACA,0x5ACA,0x5ACA,0x5ACA,0x5ACA,0x4A48,0x4228,0x4228,0x4A28,0x4207,0x39C6,0x840E,0x0000,0x7BEF,0x0000,0x0000,0x0000,
0x0000,0x0000,0x0000,0x0000,0xFFFF,0x39E7,0x0000,0x0000,0x0000,0x0000,0x39E7,0xFFFF,0x52A9,0x39A6,0x5ACB,0x5ACA,0x5ACA,0x5ACA,
0x5ACA,0x5ACA,0x5ACA,0x5ACA,0x5ACB,0x5269,0x4228,0x4228,0x4228,0x4A28,0x39C7,0x4207,0xC635,0x0000,0x7BEF,0x0000,0x0000,0x0000,
0x0000,0x0000,0x0000,0x0000,0x0000,0x0000,0xFFE0,0x7BEF,0x7BEF,0x7BEA,0x0000,0x5289,0x39A6,0x5ACA,0x5ACA,0x5ACA,0x5ACA,0x5ACA,
0x5ACA,0x5ACA,0x5ACA,0x5ACA,0x52AA,0x4228,0x4228,0x4228,0x4228,0x4A48,0x39A6,0x5268,0xFFFF,0x0000,0x0000,0x0000,0x0000,0x0000,
0x0000,0x0000,0x0000,0x0000,0x0000,0x0000,0x0000,0x0000,0x7BEF,0x0000,0x9490,0x39C6,0x5269,0x62EB,0x5ACA,0x5ACB,0x5ACB,0x62CB,
0x62EB,0x62EB,0x62EB,0x5ACB,0x4A49,0x4A28,0x4A28,0x4228,0x4228,0x4A28,0x39A6,0x6B4B,0x0000,0x39E7,0x0000,0x0000,0x0000,0x0000,
0x0000,0x0000,0x0000,0x0000,0x0000,0x0000,0x0000,0xFFFF,0x0000,0x0000,0x632B,0x41E7,0x62EB,0x5AAA,0x5AAA,0x5289,0x5269,0x5269,
0x5269,0x5269,0x5269,0x4A48,0x39E7,0x41E7,0x4207,0x4208,0x4A28,0x4207,0x4207,0x9CD0,0x0000,0x7BEF,0x0000,0x0000,0x0000,0x0000,
0x0000,0x0000,0x0000,0x0000,0x0000,0x0000,0xFFFF,0x0000,0xFFFF,0xA511,0x39C6,0x2924,0x3186,0x3185,0x3186,0x39A6,0x39A6,0x39C6,
0x39C6,0x39C6,0x39C6,0x39A6,0x31A6,0x3186,0x3185,0x2965,0x2965,0x2104,0x39C6,0xA511,0x0000,0x0000,0x0000,0x0000,0x0000,0x0000,
0x0000,0x0000,0x0000,0x0000,0x0000,0x7BEF,0x7BEF,0xFFFF,0x738C,0x4207,0x5269,0x6B2C,0x736D,0x7BAE,0x83EF,0x83EF,0x840F,0x8410,
0x8410,0x8410,0x8410,0x8410,0x840F,0x83EF,0x83CF,0x7BAE,0x736D,0x630C,0x4A49,0x4207,0x73AD,0xFFFF,0x7BEF,0x0000,0x0000,0x0000,
0x0000,0x0000,0x0000,0x0000,0x0000,0x39E7,0x0000,0x738C,0x4208,0x736D,0x83CF,0x7BAE,0x736D,0x6B4D,0x6B2C,0x6B2C,0x630C,0x630C,
0x630B,0x630B,0x630B,0x630C,0x630C,0x6B2C,0x6B2C,0x6B4D,0x736D,0x7BAE,0x83EF,0x630C,0x4207,0x7BEE,0x0000,0x0000,0x0000,0x0000,
0x0000,0x0000,0x0000,0x0000,0xFFFF,0x0000,0xFFFF,0x4A68,0x4A48,0x630B,0x5AAA,0x5AAA,0x5AAA,0x5AAA,0x5AAA,0x5AAA,0x5AAA,0x5AAA,
0x5AAA,0x5AAA,0x5AAA,0x5AAA,0x5AAA,0x5AAA,0x5AAA,0x5AAA,0x5AAA,0x5AAA,0x5AAA,0x630C,0x4207,0x4A48,0xFFFF,0x0000,0x0000,0x0000,
0x0000,0x0000,0x0000,0x0000,0x7BEF,0x0000,0xC615,0x4A48,0x4A49,0x5ACA,0x5ACA,0x5ACA,0x5ACA,0x5ACA,0x5ACA,0x5ACA,0x5ACA,0x5ACA,
0x5ACA,0x5ACA,0x5ACA,0x5ACA,0x5ACA,0x5ACA,0x5ACA,0x5ACA,0x5ACA,0x5ACA,0x5ACA,0x5AEB,0x4A28,0x4A48,0xFFFF,0x0000,0x0000,0x0000,
0x0000,0x0000,0x0000,0x0000,0x7BEF,0x0000,0xAD52,0x4227,0x528A,0x62EB,0x62EB,0x62EB,0x62EB,0x62EB,0x62EB,0x62EB,0x62EB,0x62EB,
0x62EB,0x62EB,0x62EB,0x62EB,0x62EB,0x62EB,0x62EB,0x62EB,0x62EB,0x62EB,0x5ACB,0x630B,0x5269,0x4227,0xFFFF,0x0000,0x0000,0x0000,
0x0000,0x0000,0x0000,0x0000,0x7BEF,0x0000,0xAD73,0x4207,0x4208,0x5269,0x4A49,0x4A49,0x4A49,0x4A49,0x4A49,0x4A49,0x4A49,0x4A49,
0x4A49,0x4A49,0x4A49,0x4A49,0x4A49,0x4A49,0x4A49,0x4A49,0x4A49,0x4A49,0x4A49,0x5269,0x41E7,0x39E6,0xFFFF,0x0000,0x0000,0x0000,
0x0000,0x0000,0x0000,0x0000,0x7BEF,0x0000,0xC614,0x6B2B,0x4A48,0x4A68,0x4A68,0x4A68,0x4A68,0x4A68,0x4A68,0x4A68,0x4A68,0x4A68,
0x4A68,0x4A68,0x4A68,0x4A68,0x4A68,0x4A68,0x4A68,0x4A68,0x4A68,0x4A68,0x4A68,0x5268,0x4A68,0x6B2B,0xFFFF,0x0000,0x0000,0x0000,
0x0000,0x0000,0x0000,0x0000,0x0000,0x0000,0xFFFF,0xFFFF,0xFFFF,0xFFFF,0xFFFF,0xFFFF,0xFFFF,0xFFFF,0xFFFF,0xFFFF,0xFFFF,0xFFFF,
0xFFFF,0xFFFF,0xFFFF,0xFFFF,0xFFFF,0xFFFF,0xFFFF,0xFFFF,0xFFFF,0xFFFF,0xFFFF,0xFFFF,0xFFFF,0xFFFF,0x0000,0x0000,0x0000,0x0000,
};
static const uint8_t bn_mask[162] PROGMEM={
0x00,0x00,0x00,0x00,0x00,0x00,0x07,0x00,0x00,0x00,0xF0,0x00,0x00,0x00,0x80,0x1F,0x00,0x00,0x00,0xF8,0x1F,0x00,0x00,0xC0,
0xFF,0x07,0x00,0x00,0xFE,0xFF,0x01,0x00,0xF0,0xFF,0x3F,0x00,0x00,0xFF,0xFF,0x07,0x00,0xF0,0xFF,0xFF,0x00,0x80,0xFF,0xFF,
0x1F,0x00,0xF8,0xFF,0xFF,0x01,0xC0,0xFF,0xFF,0x3F,0x00,0xFC,0xFF,0xFF,0x03,0xE0,0xFF,0xFF,0x3F,0x00,0xFF,0xFF,0xFF,0x07,
0xF8,0xFF,0xFF,0x7F,0x80,0xFF,0xFF,0xFF,0x07,0xF8,0xFF,0xFE,0x7F,0x80,0xFF,0xF7,0xFF,0x07,0xF0,0x87,0xFF,0x7F,0x00,0x7E,
0xFC,0xFF,0x07,0x80,0xF3,0xFF,0x7F,0x00,0x00,0xFF,0xFF,0x07,0x00,0xF8,0xFF,0x3F,0x00,0xC0,0xFF,0xFF,0x03,0x00,0xFC,0xFF,
0x3F,0x00,0xE0,0xFF,0xFF,0x03,0x00,0xFF,0xFF,0x7F,0x00,0xF8,0xFF,0xFF,0x0F,0x80,0xFF,0xFF,0xFF,0x00,0xFC,0xFF,0xFF,0x0F,
0xC0,0xFF,0xFF,0xFF,0x00,0xFC,0xFF,0xFF,0x0F,0xC0,0xFF,0xFF,0xFF,0x00,0x00,0x00,0x00,0x00,
};
static const uint16_t bb_pix[1296] PROGMEM={
0x0000,0x0000,0x0000,0x0000,0x0000,0x0000,0x0000,0x0000,0x0000,0x0000,0x0000,0x0000,0x0000,0x0000,0x7BE0,0x0000,0x0000,0x7D89,
0xBFEF,0x0000,0x0000,0x0000,0x0000,0x0000,0x0000,0x0000,0x0000,0x0000,0x0000,0x0000,0x0000,0x0000,0x0000,0x0000,0x0000,0x0000,
0x0000,0x0000,0x0000,0x0000,0x0000,0x0000,0x0000,0x0000,0x0000,0x0000,0x0000,0x0000,0x0000,0x7BE0,0x0000,0x5327,0x3A25,0x31A5,
0x31C5,0x4266,0x0000,0x03E0,0x0000,0x0000,0x0000,0x0000,0x0000,0x0000,0x0000,0x0000,0x0000,0x0000,0x0000,0x0000,0x0000,0x0000,
0x0000,0x0000,0x0000,0x0000,0x0000,0x0000,0x0000,0x0000,0x0000,0x0000,0x0000,0x0000,0x7BE0,0x0000,0x5387,0x31C5,0x528A,0x5ACB,
0x4A49,0x31A5,0x3A05,0x0000,0x03E0,0x0000,0x0000,0x0000,0x0000,0x0000,0x0000,0x0000,0x0000,0x0000,0x0000,0x0000,0x0000,0x0000,
0x0000,0x0000,0x0000,0x0000,0x0000,0x0000,0x0000,0x0000,0x0000,0x0000,0x0000,0x0000,0x39E7,0x0000,0x31E4,0x5269,0x736D,0x5ACA,
0x62EB,0x4A28,0x3185,0x5368,0x0000,0x7BE0,0x0000,0x0000,0x0000,0x0000,0x0000,0x0000,0x0000,0x0000,0x0000,0x0000,0x0000,0x0000,
0x0000,0x0000,0x0000,0x0000,0x0000,0x0000,0x0000,0x0000,0x0000,0x0000,0x0000,0x0000,0x0000,0xFFFF,0x31E5,0x5AAA,0x5AEB,0x5ACA,
0x5ACA,0x4208,0x31A5,0x5327,0x0000,0x39E7,0x0000,0x0000,0x0000,0x0000,0x0000,0x0000,0x0000,0x0000,0x0000,0x0000,0x0000,0x0000,
0x0000,0x0000,0x0000,0x0000,0x0000,0x0000,0x0000,0x0000,0x0000,0x0000,0x0000,0x0000,0x39E7,0x7BEF,0x3A25,0x4207,0x5ACA,0x5ACA,
0x5AAA,0x3165,0x3A25,0x74CA,0x3186,0x0000,0x0000,0x0000,0x0000,0x0000,0x0000,0x0000,0x0000,0x0000,0x0000,0x0000,0x0000,0x0000,
0x0000,0x0000,0x0000,0x0000,0x0000,0x0000,0x0000,0x0000,0x0000,0x0000,0x0000,0x0000,0x3186,0x0000,0x4286,0x3185,0x62EB,0x62EB,
0x41E7,0x31A4,0x74EB,0x0000,0x0000,0x03E0,0x0000,0x0000,0x0000,0x0000,0x0000,0x0000,0x0000,0x0000,0x0000,0x0000,0x0000,0x0000,
0x0000,0x0000,0x0000,0x0000,0x0000,0x0000,0x0000,0x0000,0x0000,0x0000,0x0000,0x39E7,0x0000,0x4AE6,0x31A5,0x630C,0x6B4C,0x528A,
0x3165,0x3A25,0x0000,0x5347,0x5327,0x0000,0x52AA,0x0000,0x0000,0x0000,0x0000,0x0000,0x0000,0x0000,0x0000,0x0000,0x0000,0x0000,
0x0000,0x0000,0x0000,0x0000,0x0000,0x0000,0x0000,0x0000,0x0000,0x0000,0x39E7,0x0000,0x42C6,0x39C5,0x6B2C,0x6B4C,0x5AAA,0x41E7,
0x2984,0x7D8C,0x7508,0x31C5,0x31A4,0x5B88,0x0000,0x52AA,0x0000,0x0000,0x0000,0x0000,0x0000,0x0000,0x0000,0x0000,0x0000,0x0000,
0x0000,0x0000,0x0000,0x0000,0x0000,0x0000,0x0000,0x0000,0x0000,0x7BEF,0x0000,0x4B47,0x3184,0x6B2D,0x6B6D,0x5AAA,0x5AAA,0x3186,
0x31E5,0x0000,0x3A45,0x39E7,0x41E7,0x31A4,0x6BE8,0x0000,0x0000,0x0000,0x0000,0x0000,0x0000,0x0000,0x0000,0x0000,0x0000,0x0000,
0x0000,0x0000,0x0000,0x0000,0x0000,0x0000,0x0000,0x0000,0x0000,0x0000,0xFFF5,0x2964,0x630B,0x7BAE,0x5AAA,0x5ACA,0x4A28,0x3185,
0x4285,0x0000,0x31C5,0x4A49,0x630B,0x39A6,0x31A4,0xFFF3,0x0000,0x0000,0x0000,0x0000,0x0000,0x0000,0x0000,0x0000,0x0000,0x0000,
0x0000,0x0000,0x0000,0x0000,0x0000,0x0000,0x0000,0x0000,0x7BEF,0x0000,0x31A4,0x4A49,0x8410,0x5ACA,0x5ACA,0x528A,0x39C7,0x3184,
0xBFF7,0x4B26,0x31C5,0x5AAA,0x5ACA,0x5ACA,0x3186,0x31C5,0x0000,0x52AA,0x0000,0x0000,0x0000,0x0000,0x0000,0x0000,0x0000,0x0000,
0x0000,0x0000,0x0000,0x0000,0x0000,0x0000,0x0000,0x52AA,0x0000,0x4B06,0x39C6,0x83CF,0x6B4C,0x5AAA,0x5ACA,0x4A69,0x39C6,0x31A4,
0x0000,0x3225,0x39E7,0x5ACB,0x5ACA,0x62EB,0x4A49,0x2944,0x4B07,0x0000,0x52A0,0x0000,0x0000,0x0000,0x0000,0x0000,0x0000,0x0000,
0x0000,0x0000,0x0000,0x0000,0x0000,0x0000,0x0000,0x0000,0xFFFF,0x31E4,0x5ACB,0x8410,0x5AAA,0x5ACA,0x5AAA,0x4A28,0x39A6,0x31C4,
0x0000,0x31E5,0x4A28,0x62EB,0x5ACA,0x5ACA,0x5ACA,0x31A6,0x31E5,0x0000,0x0000,0x0000,0x0000,0x0000,0x0000,0x0000,0x0000,0x0000,
0x0000,0x0000,0x0000,0x0000,0x0000,0x0000,0x7BE0,0x0000,0x4B46,0x39E6,0x83CF,0x736D,0x5AAA,0x5ACA,0x528A,0x4228,0x31A5,0x3A45,
0x0000,0x31C5,0x4A49,0x62EB,0x5ACA,0x5ACA,0x5ACB,0x4208,0x3185,0x5B88,0x0000,0x52AA,0x0000,0x0000,0x0000,0x0000,0x0000,0x0000,
0x0000,0x0000,0x0000,0x0000,0x0000,0x0000,0x39E7,0x0000,0x3204,0x5289,0x8C30,0x62EB,0x5ACA,0x5ACA,0x52AA,0x4208,0x3185,0x31E5,
0x0000,0x3184,0x5269,0x62EB,0x5ACA,0x5ACA,0x5ACA,0x5269,0x3185,0x4266,0x0000,0x39E7,0x0000,0x0000,0x0000,0x0000,0x0000,0x0000,
0x0000,0x0000,0x0000,0x0000,0x0000,0x0000,0x0000,0x0000,0x31E5,0x6B0C,0x83EF,0x5AAA,0x5ACA,0x5ACA,0x5AAA,0x4208,0x31A5,0x4AC6,
0xFFF5,0x31E5,0x5269,0x5ACB,0x5ACA,0x5ACA,0x5ACA,0x5269,0x31A6,0x31E5,0x0000,0x0000,0x0000,0x0000,0x0000,0x0000,0x0000,0x0000,
0x0000,0x0000,0x0000,0x0000,0x0000,0x0000,0x0000,0x0000,0x31C5,0x738E,0x736D,0x5AAA,0x5ACA,0x5ACA,0x5ACA,0x4208,0x31A5,0x8D8B,
0x0000,0x31C5,0x528A,0x5ACA,0x5ACA,0x5ACA,0x5ACA,0x5269,0x39C7,0x31A5,0xFFF5,0x0000,0x0000,0x0000,0x0000,0x0000,0x0000,0x0000,
0x0000,0x0000,0x0000,0x0000,0x0000,0x0000,0x0000,0x8E2A,0x31A5,0x7BAE,0x6B2C,0x5AAA,0x5ACA,0x5ACA,0x5ACB,0x4A49,0x2104,0x2103,
0x2103,0x2944,0x5AAA,0x5ACA,0x5ACA,0x5ACA,0x5ACA,0x5269,0x39C7,0x31E5,0x7469,0x0000,0x7BEF,0x0000,0x0000,0x0000,0x0000,0x0000,
0x0000,0x0000,0x0000,0x0000,0x0000,0x0000,0x0000,0xBFEF,0x31A5,0x736D,0x62EB,0x5ACA,0x5ACA,0x5ACA,0x5ACA,0x5AAA,0x4A48,0x4A48,
0x4A48,0x4A48,0x5ACA,0x5ACA,0x5ACA,0x5ACA,0x5ACA,0x4A48,0x39C7,0x31C5,0x74CA,0x0000,0x7BEF,0x0000,0x0000,0x0000,0x0000,0x0000,
0x0000,0x0000,0x0000,0x0000,0x0000,0x0000,0x0000,0x0000,0x31E5,0x6B0C,0x62EB,0x5ACA,0x5ACA,0x5ACA,0x5ACA,0x5ACA,0x62EB,0x62EB,
0x62EB,0x62EB,0x5ACA,0x5ACA,0x5ACA,0x5ACA,0x5AAA,0x4A28,0x39C7,0x31A4,0x0000,0x0000,0x0000,0x0000,0x0000,0x0000,0x0000,0x0000,
0x0000,0x0000,0x0000,0x0000,0x0000,0x0000,0x0000,0x0000,0x3A05,0x528A,0x62EB,0x5ACA,0x5ACA,0x5ACA,0x5ACA,0x5ACA,0x5ACA,0x5ACA,
0x5ACA,0x5ACA,0x5ACA,0x5ACA,0x5ACA,0x5ACA,0x4A69,0x4A28,0x39A6,0x3A05,0xFFFF,0x0000,0x0000,0x0000,0x0000,0x0000,0x0000,0x0000,
0x0000,0x0000,0x0000,0x0000,0x0000,0x0000,0x39E7,0x0000,0x3A25,0x4207,0x62EB,0x5ACA,0x5ACA,0x5ACA,0x5ACA,0x5ACA,0x5ACA,0x5ACA,
0x5ACA,0x5ACA,0x5ACA,0x5ACA,0x5ACA,0x5AAA,0x4228,0x4A28,0x3185,0x4266,0x0000,0x39E7,0x0000,0x0000,0x0000,0x0000,0x0000,0x0000,
0x0000,0x0000,0x0000,0x0000,0x0000,0x0000,0x52A0,0x0000,0x5327,0x31C5,0x5AAA,0x5ACA,0x5ACA,0x5ACA,0x5ACA,0x5ACA,0x5ACA,0x5ACA,
0x5ACA,0x5ACA,0x5ACA,0x5ACA,0x5ACA,0x4A48,0x4228,0x41E7,0x31A5,0x5B67,0x0000,0x52AA,0x0000,0x0000,0x0000,0x0000,0x0000,0x0000,
0x0000,0x0000,0x0000,0x0000,0x0000,0x0000,0x0000,0x0000,0xFFF7,0x31E5,0x4208,0x62EB,0x5ACA,0x5ACA,0x5ACA,0x5ACA,0x5ACA,0x5ACA,
0x5ACA,0x5ACA,0x5ACA,0x5ACA,0x4A49,0x4208,0x4A48,0x3186,0x31E5,0xFFF5,0x0000,0x0000,0x0000,0x0000,0x0000,0x0000,0x0000,0x0000,
0x0000,0x0000,0x0000,0x0000,0x0000,0x0000,0x0000,0x52AA,0x0000,0x4AE6,0x31A5,0x528A,0x62EB,0x5ACA,0x5ACA,0x5ACA,0x5ACA,0x5ACB,
0x5ACB,0x62EB,0x5AAA,0x4A48,0x4228,0x4A48,0x41E7,0x2964,0x4AE6,0x0000,0x52AA,0x0000,0x0000,0x0000,0x0000,0x0000,0x0000,0x0000,
0x0000,0x0000,0x0000,0x0000,0x0000,0x0000,0x0000,0x0000,0x0000,0x0000,0x3A65,0x39C6,0x5AAA,0x5ACA,0x5AAA,0x5AAA,0x528A,0x528A,
0x5289,0x4A49,0x4207,0x4207,0x4228,0x4207,0x3185,0x4246,0x0000,0x0000,0x0000,0x0000,0x0000,0x0000,0x0000,0x0000,0x0000,0x0000,
0x0000,0x0000,0x0000,0x0000,0x0000,0x0000,0x0000,0x0000,0x5327,0x3A25,0x31C4,0x2123,0x2945,0x3185,0x3185,0x3186,0x3186,0x3186,
0x3186,0x3165,0x3165,0x3165,0x3165,0x2924,0x2123,0x31C4,0x3A05,0x4B07,0x0000,0x0000,0x0000,0x0000,0x0000,0x0000,0x0000,0x0000,
0x0000,0x0000,0x0000,0x0000,0x0000,0x7BEF,0xFFFF,0x3A45,0x39E6,0x5289,0x6B0C,0x736D,0x738E,0x7BAE,0x7BCF,0x83EF,0x83EF,0x83EF,
0x83EF,0x83EF,0x83EF,0x7BCF,0x7BAE,0x738E,0x734D,0x630C,0x5269,0x31C5,0x3A25,0xFFFF,0x7BEF,0x0000,0x0000,0x0000,0x0000,0x0000,
0x0000,0x0000,0x0000,0x0000,0x0000,0x0000,0x4285,0x4227,0x738E,0x83EF,0x7BAE,0x738E,0x736D,0x734D,0x6B4C,0x6B4C,0x6B2C,0x6B2C,
0x6B2C,0x6B2C,0x6B4C,0x6B4C,0x6B4D,0x736D,0x738E,0x7BCE,0x83EF,0x736D,0x39E6,0x4265,0x0000,0x0000,0x0000,0x0000,0x0000,0x0000,
0x0000,0x0000,0x0000,0x0000,0x0000,0xAFEF,0x31C5,0x5269,0x630B,0x5AAA,0x5AAA,0x5AAA,0x5AAA,0x5AAA,0x5AAA,0x5AAA,0x5AAA,0x5AAA,
0x5AAA,0x5AAA,0x5AAA,0x5AAA,0x5AAA,0x5AAA,0x5AAA,0x5AAA,0x5AAA,0x630C,0x4A49,0x29A4,0xAEAF,0x0000,0x0000,0x0000,0x0000,0x0000,
0x0000,0x0000,0x0000,0x0000,0x0000,0x6CA7,0x31A5,0x528A,0x5ACA,0x5ACA,0x5ACA,0x5ACA,0x5ACA,0x5ACA,0x5ACA,0x5ACA,0x5ACA,0x5ACA,
0x5ACA,0x5ACA,0x5ACA,0x5ACA,0x5ACA,0x5ACA,0x5ACA,0x5ACA,0x5ACA,0x5ACA,0x5269,0x2984,0x6CAA,0x0000,0x0000,0x0000,0x0000,0x0000,
0x0000,0x0000,0x0000,0x0000,0x0000,0x2A22,0x3185,0x5ACA,0x62EB,0x5AEB,0x5AEB,0x5AEB,0x5AEB,0x5AEB,0x5AEB,0x5AEB,0x5AEB,0x5AEB,
0x5AEB,0x5AEB,0x5AEB,0x5AEB,0x5AEB,0x5AEB,0x5AEB,0x5AEB,0x5AEB,0x62EB,0x5AAA,0x2964,0x42E5,0x0000,0x0000,0x0000,0x0000,0x0000,
0x0000,0x0000,0x0000,0x0000,0x0000,0x42E5,0x2965,0x5249,0x5269,0x5269,0x5269,0x5269,0x5269,0x5269,0x5269,0x5269,0x5269,0x5269,
0x5269,0x5269,0x5269,0x5269,0x5269,0x5269,0x5269,0x5269,0x5269,0x5269,0x4A29,0x2944,0x5AE5,0x0000,0x0000,0x0000,0x0000,0x0000,
0x0000,0x0000,0x0000,0x0000,0x0000,0x63E9,0x31E5,0x31C5,0x31C5,0x31C5,0x31C5,0x31C5,0x31C5,0x31C5,0x31C5,0x31C5,0x31C5,0x31C5,
0x31C5,0x31C5,0x31C5,0x31C5,0x31C5,0x31C5,0x31C5,0x31C5,0x31C5,0x31C5,0x31C5,0x39E5,0x63E9,0x0000,0x0000,0x0000,0x0000,0x0000,
0x0000,0x0000,0x0000,0x0000,0x0000,0x0000,0xAF0E,0xB72F,0xC7EE,0xB72C,0xB72C,0xB72C,0xB72C,0xB72C,0xB72C,0xB72C,0xB72C,0xB72C,
0xB72C,0xB72C,0xB72C,0xB72C,0xB72C,0xB72C,0xB72C,0xB72C,0xB72C,0xC7EE,0xB72F,0xAF0E,0x0000,0x0000,0x0000,0x0000,0x0000,0x0000,
};
static const uint8_t bb_mask[162] PROGMEM={
0x00,0x00,0x00,0x00,0x00,0x00,0xF8,0x00,0x00,0x00,0xC0,0x1F,0x00,0x00,0x00,0xFC,0x03,0x00,0x00,0xC0,0x3F,0x00,0x00,0x00,
0xFC,0x01,0x00,0x00,0xC0,0x0F,0x00,0x00,0x00,0xFE,0x06,0x00,0x00,0xF0,0xE7,0x00,0x00,0x80,0x7F,0x0F,0x00,0x00,0xF8,0xF7,
0x01,0x00,0xC0,0x3F,0x3F,0x00,0x00,0xFE,0xFB,0x07,0x00,0xE0,0xBF,0x7F,0x00,0x00,0xFF,0xFB,0x0F,0x00,0xF0,0xBF,0xFF,0x00,
0x00,0xFF,0xFB,0x0F,0x00,0xF0,0x9F,0xFF,0x00,0x00,0xFF,0xFF,0x1F,0x00,0xF0,0xFF,0xFF,0x00,0x00,0xFF,0xFF,0x0F,0x00,0xF0,
0xFF,0xFF,0x00,0x00,0xFF,0xFF,0x0F,0x00,0xF0,0xFF,0xFF,0x00,0x00,0xFE,0xFF,0x07,0x00,0xE0,0xFF,0x7F,0x00,0x00,0xFC,0xFF,
0x03,0x00,0xF0,0xFF,0xFF,0x00,0x80,0xFF,0xFF,0x1F,0x00,0xFC,0xFF,0xFF,0x03,0xC0,0xFF,0xFF,0x3F,0x00,0xFC,0xFF,0xFF,0x03,
0xC0,0xFF,0xFF,0x3F,0x00,0xFC,0xFF,0xFF,0x03,0xC0,0xFF,0xFF,0x3F,0x00,0x00,0x00,0x00,0x00,
};
static const uint16_t br_pix[1296] PROGMEM={
0x0000,0x0000,0x0000,0x0000,0x0000,0x0000,0x07E0,0x39E7,0x0000,0x0000,0x0000,0x0000,0x0000,0x0000,0x0000,0x0000,0x0000,0x0000,
0x0000,0x0000,0x0000,0x0000,0x0000,0x0000,0x0000,0x0000,0x0000,0x39E7,0x0000,0x0000,0x0000,0x0000,0x0000,0x0000,0x0000,0x0000,
0x0000,0x0000,0x0000,0x0000,0x0000,0x0000,0x0000,0x0000,0x0000,0x7D0B,0x63A9,0x6C89,0x0000,0x95AD,0x4266,0x2984,0x31A4,0x2984,
0x31A4,0x2944,0x3A25,0x9E6C,0x0000,0x53EA,0x5B66,0x6C89,0x0000,0x0000,0x0000,0x0000,0x0000,0x0000,0x0000,0x0000,0x0000,0x0000,
0x0000,0x0000,0x0000,0x0000,0x0000,0x0000,0x7D0B,0x3A45,0x2984,0x31A4,0x2964,0x3A26,0xFFFF,0x6C89,0x31A5,0x5269,0x62EB,0x5269,
0x4A28,0x39C7,0x31C5,0x6409,0x0000,0x4246,0x2964,0x2984,0x31A4,0x4286,0x63E9,0x0000,0x0000,0x0000,0x0000,0x0000,0x0000,0x0000,
0x0000,0x0000,0x0000,0x7BE0,0x0000,0x74AA,0x3A25,0x39C6,0x5AAA,0x528A,0x4208,0x31A4,0x8DCC,0x5367,0x39E6,0x7BAE,0x6B4C,0x5ACA,
0x62EB,0x5A8A,0x31C5,0x5347,0xFFFF,0x31A5,0x62EB,0x62EB,0x39C7,0x2965,0x3A05,0x7469,0x0000,0x7BE0,0x0000,0x0000,0x0000,0x0000,
0x0000,0x0000,0x0000,0x7BEF,0x0000,0x752B,0x31C5,0x6B2D,0x840F,0x5ACA,0x5AAA,0x31A5,0x4B07,0x3A45,0x39E6,0x62EB,0x5AAA,0x5ACA,
0x5ACA,0x5A8A,0x31A5,0x4266,0x4B27,0x39E6,0x6B4D,0x62EB,0x5289,0x39A6,0x31E5,0x748A,0x0000,0x7BE0,0x0000,0x0000,0x0000,0x0000,
0x0000,0x0000,0x0000,0x0000,0x0000,0x0000,0x2984,0x6B2C,0x736D,0x5AAA,0x5ACB,0x3186,0x4AC6,0x5327,0x39A6,0x5ACA,0x5ACA,0x5ACA,
0x5ACA,0x5ACA,0x31A6,0x4B27,0x4AE6,0x39C6,0x5ACB,0x5AAA,0x4A49,0x39A6,0x31C5,0x7D6B,0x0000,0x001F,0x0000,0x0000,0x0000,0x0000,
0x0000,0x0000,0x0000,0x0000,0x0000,0x0000,0x31C4,0x5ACB,0x6B4C,0x5AAA,0x62EB,0x39C7,0x2964,0x31A5,0x3186,0x5ACB,0x5ACA,0x5ACA,
0x5ACA,0x62EB,0x3186,0x2984,0x2984,0x39C7,0x62EB,0x5AAA,0x4A48,0x39A6,0x31C5,0x0000,0x0000,0x0000,0x0000,0x0000,0x0000,0x0000,
0x0000,0x0000,0x0000,0x0000,0x0000,0x0000,0x3A25,0x528A,0x6B2C,0x5AAA,0x5ACA,0x5AAA,0x5269,0x5249,0x5AAA,0x5ACA,0x5ACA,0x5ACA,
0x5ACA,0x5ACA,0x5AAA,0x5269,0x5269,0x5AAA,0x5ACB,0x528A,0x4A28,0x31A6,0x3A25,0xFFFF,0x0000,0x0000,0x0000,0x0000,0x0000,0x0000,
0x0000,0x0000,0x0000,0x0000,0x52AA,0x0000,0x31E5,0x5269,0x6B2C,0x5AAA,0x5ACA,0x5ACA,0x62EB,0x62EB,0x5ACA,0x5ACA,0x5ACA,0x5ACA,
0x5ACA,0x5ACA,0x5ACA,0x62EB,0x62EB,0x5ACA,0x5ACA,0x5269,0x4228,0x3186,0x3A45,0x0000,0x0000,0x0000,0x0000,0x0000,0x0000,0x0000,
0x0000,0x0000,0x0000,0x0000,0x39E7,0x0000,0x3A25,0x4A28,0x6B0C,0x5AAA,0x5ACA,0x5ACA,0x5ACA,0x5ACA,0x5ACA,0x5ACA,0x5ACA,0x5ACA,
0x5ACA,0x5ACA,0x5ACA,0x5ACA,0x5ACA,0x5ACA,0x5ACA,0x4A28,0x4A28,0x3185,0x3A45,0x0000,0x39E7,0x0000,0x0000,0x0000,0x0000,0x0000,
0x0000,0x0000,0x0000,0x0000,0x52AA,0x0000,0x5347,0x31C5,0x528A,0x62EB,0x5ACA,0x5ACA,0x5ACB,0x62EB,0x62EB,0x62EB,0x62EB,0x62EB,
0x62EB,0x62EB,0x62EB,0x62EB,0x62CB,0x5ACB,0x5269,0x4A28,0x39E7,0x3185,0x5347,0x0000,0x52AA,0x0000,0x0000,0x0000,0x0000,0x0000,
0x0000,0x0000,0x0000,0x0000,0x0000,0x52A0,0xFFFF,0x3A45,0x31A6,0x5269,0x5ACA,0x5AAA,0x5269,0x4A48,0x4A28,0x4207,0x41E7,0x41E7,
0x41E7,0x4208,0x4A28,0x4A49,0x5289,0x4A48,0x4228,0x39E7,0x3165,0x4246,0x0000,0x7BE0,0x0000,0x0000,0x0000,0x0000,0x0000,0x0000,
0x0000,0x0000,0x0000,0x0000,0x0000,0x07E0,0x0000,0x964D,0x3A45,0x2964,0x2945,0x2945,0x2945,0x3165,0x3165,0x2965,0x2965,0x2965,
0x2965,0x2945,0x2945,0x2944,0x2944,0x2924,0x2924,0x2964,0x4266,0x95ED,0x0000,0x0000,0x0000,0x0000,0x0000,0x0000,0x0000,0x0000,
0x0000,0x0000,0x0000,0x0000,0x0000,0x0000,0x0000,0x0000,0x0000,0x31C4,0x39C6,0x5AAA,0x5AAA,0x5ACA,0x5ACB,0x5ACA,0x5AAA,0x5269,
0x4A28,0x4A28,0x4A28,0x4228,0x4208,0x4208,0x3185,0x2984,0x0000,0x0000,0x0000,0x0000,0x0000,0x0000,0x0000,0x0000,0x0000,0x0000,
0x0000,0x0000,0x0000,0x0000,0x0000,0x0000,0x0000,0x39E7,0x7DEF,0x2964,0x4A28,0x62EB,0x5ACA,0x5ACA,0x5ACA,0x5ACA,0x5ACA,0x5ACA,
0x52AA,0x4A28,0x4228,0x4228,0x4228,0x4A48,0x39A6,0x31A4,0xCFF3,0x52AA,0x0000,0x0000,0x0000,0x0000,0x0000,0x0000,0x0000,0x0000,
0x0000,0x0000,0x0000,0x0000,0x0000,0x0000,0x0000,0x0000,0xFFFF,0x31A4,0x4A28,0x62EB,0x5ACA,0x5ACA,0x5ACA,0x5ACA,0x5ACA,0x5ACA,
0x5ACA,0x5AAA,0x4A28,0x4228,0x4228,0x4A28,0x39C7,0x2984,0xFFFF,0x0000,0x0000,0x0000,0x0000,0x0000,0x0000,0x0000,0x0000,0x0000,
0x0000,0x0000,0x0000,0x0000,0x0000,0x0000,0x0000,0x0000,0x95AD,0x2964,0x5269,0x5ACB,0x5ACA,0x5ACA,0x5ACA,0x5ACA,0x5ACA,0x5ACA,
0x5ACA,0x5ACA,0x52AA,0x4228,0x4228,0x4A28,0x39E7,0x2964,0x6C2A,0x0000,0x0000,0x0000,0x0000,0x0000,0x0000,0x0000,0x0000,0x0000,
0x0000,0x0000,0x0000,0x0000,0x0000,0x0000,0x52AA,0x0000,0x5BA7,0x31A5,0x5269,0x5ACB,0x5ACA,0x5ACA,0x5ACA,0x5ACA,0x5ACA,0x5ACA,
0x5ACA,0x5ACA,0x5ACA,0x4A49,0x4228,0x4A28,0x41E7,0x3185,0x5347,0x0000,0x52AA,0x0000,0x0000,0x0000,0x0000,0x0000,0x0000,0x0000,
0x0000,0x0000,0x0000,0x0000,0x0000,0x0000,0x52A0,0x0000,0x3A45,0x3185,0x5AAA,0x5ACA,0x5ACA,0x5ACA,0x5ACA,0x5ACA,0x5ACA,0x5ACA,
0x5ACA,0x5ACA,0x5ACA,0x528A,0x4228,0x4A28,0x4208,0x2965,0x3A25,0x0000,0x52A0,0x0000,0x0000,0x0000,0x0000,0x0000,0x0000,0x0000,
0x0000,0x0000,0x0000,0x0000,0x0000,0x0000,0x39E7,0x0000,0x42A6,0x31A6,0x5ACA,0x5ACA,0x5ACA,0x5ACA,0x5ACA,0x5ACA,0x5ACA,0x5ACA,
0x5ACA,0x5ACA,0x5ACA,0x5ACA,0x4A28,0x4228,0x4228,0x3185,0x4286,0x0000,0x39E7,0x0000,0x0000,0x0000,0x0000,0x0000,0x0000,0x0000,
0x0000,0x0000,0x0000,0x0000,0x0000,0x0000,0x39E7,0x0000,0x3205,0x39C6,0x5ACB,0x5ACA,0x5ACA,0x5ACA,0x5ACA,0x5ACA,0x5ACA,0x5ACA,
0x5ACA,0x5ACA,0x5ACA,0x5ACA,0x4A69,0x4208,0x4A28,0x3185,0x31C4,0x0000,0x39E7,0x0000,0x0000,0x0000,0x0000,0x0000,0x0000,0x0000,
0x0000,0x0000,0x0000,0x0000,0x0000,0x0000,0x52AA,0x0000,0x31E4,0x41E7,0x62EB,0x5ACA,0x5ACA,0x5ACA,0x5ACA,0x5ACA,0x5ACA,0x5ACA,
0x5ACA,0x5ACA,0x5ACA,0x5ACA,0x5289,0x4208,0x4A28,0x3186,0x3A05,0x0000,0x0000,0x0000,0x0000,0x0000,0x0000,0x0000,0x0000,0x0000,
0x0000,0x0000,0x0000,0x0000,0x0000,0x0000,0x0000,0x0000,0x31E5,0x4207,0x62EB,0x5ACA,0x5ACA,0x5ACA,0x5ACA,0x5ACA,0x5ACA,0x5ACA,
0x5ACA,0x5ACA,0x5ACA,0x5ACA,0x5AAA,0x4228,0x4A28,0x39A6,0x31C4,0x0000,0x0000,0x0000,0x0000,0x0000,0x0000,0x0000,0x0000,0x0000,
0x0000,0x0000,0x0000,0x0000,0x0000,0x0000,0x0000,0xA68B,0x31A4,0x4A28,0x62EB,0x5ACA,0x5ACA,0x5ACA,0x5ACA,0x5ACA,0x5ACA,0x5ACA,
0x5ACA,0x5ACA,0x5ACA,0x5ACA,0x5AAA,0x4228,0x4A48,0x39A6,0x31C5,0x7D8B,0x0000,0xFFE0,0x0000,0x0000,0x0000,0x0000,0x0000,0x0000,
0x0000,0x0000,0x0000,0x0000,0x0000,0x7BE0,0x0000,0x750A,0x31C5,0x4A28,0x5AEB,0x5AAA,0x5ACA,0x5ACA,0x5ACA,0x5ACA,0x5ACA,0x5ACA,
0x5ACA,0x5ACA,0x5ACA,0x5ACA,0x5ACA,0x4A28,0x4A28,0x39C7,0x31A4,0x74AA,0x0000,0x7BE0,0x0000,0x0000,0x0000,0x0000,0x0000,0x0000,
0x0000,0x0000,0x0000,0x0000,0x0000,0x3BE7,0x0000,0x6449,0x31A5,0x5A8A,0x630B,0x62EB,0x62EB,0x5ACB,0x5ACB,0x5ACA,0x5ACA,0x5ACA,
0x5ACA,0x5ACA,0x5ACB,0x5ACB,0x62EB,0x4A69,0x4A48,0x4208,0x3185,0x5BC8,0x0000,0x3326,0x0000,0x0000,0x0000,0x0000,0x0000,0x0000,
0x0000,0x0000,0x0000,0x0000,0x03E0,0x0000,0x0000,0x4B07,0x2964,0x39A6,0x39C6,0x3186,0x3185,0x3165,0x3165,0x3165,0x3165,0x3165,
0x3165,0x3165,0x3165,0x3165,0x3185,0x2965,0x2965,0x2965,0x2964,0x4AE6,0xFFFF,0x0000,0x0000,0x0000,0x0000,0x0000,0x0000,0x0000,
0x0000,0x0000,0x0000,0x7BEF,0x0000,0x5B68,0x31E5,0x2965,0x39C6,0x4A28,0x528A,0x62EB,0x6B0C,0x6B4C,0x734D,0x736D,0x736D,0x736D,
0x736D,0x736D,0x734D,0x6B2C,0x630C,0x62EB,0x528A,0x4A48,0x39C7,0x2964,0x31E5,0x5307,0x0000,0x7BE0,0x0000,0x0000,0x0000,0x0000,
0x0000,0x0000,0x0000,0x0000,0x6409,0x31C5,0x4A28,0x7B8E,0x840F,0x8410,0x840F,0x83EF,0x83EF,0x7BCF,0x7BCE,0x7BAE,0x7BAE,0x7BAE,
0x7BAE,0x7BAE,0x7BCE,0x7BCF,0x83EF,0x83EF,0x840F,0x8C10,0x840F,0x7BAE,0x4A28,0x31A5,0x5BA8,0x0000,0x0000,0x0000,0x0000,0x0000,
0x0000,0x0000,0x0000,0x0000,0x3A25,0x39C6,0x736D,0x6B2C,0x62EB,0x5ACA,0x5ACA,0x5AAA,0x5AAA,0x5AAA,0x5AAA,0x5AAA,0x5AAA,0x5AAA,
0x5AAA,0x5AAA,0x5AAA,0x5AAA,0x5AAA,0x5AAA,0x5ACA,0x5ACA,0x62EB,0x6B2C,0x736D,0x39C6,0x3A25,0x0000,0x0000,0x0000,0x0000,0x0000,
0x0000,0x0000,0x0000,0x0000,0x31C4,0x4208,0x5ACA,0x5AAA,0x5ACA,0x5ACA,0x5ACA,0x5ACA,0x5ACA,0x5ACA,0x5ACA,0x5ACA,0x5ACA,0x5ACA,
0x5ACA,0x5ACA,0x5ACA,0x5ACA,0x5ACA,0x5ACA,0x5ACA,0x5ACA,0x5ACA,0x5AAA,0x5ACA,0x4208,0x31A4,0x0000,0x0000,0x0000,0x0000,0x0000,
0x0000,0x0000,0x0000,0x0000,0x2984,0x4A49,0x5AEB,0x5ACA,0x5ACA,0x5ACA,0x5ACA,0x5ACA,0x5ACA,0x5ACA,0x5ACA,0x5ACA,0x5ACA,0x5ACA,
0x5ACA,0x5ACA,0x5ACA,0x5ACA,0x5ACA,0x5ACA,0x5ACA,0x5ACA,0x5ACA,0x5ACA,0x5AEB,0x4A49,0x2944,0x0000,0x0000,0x0000,0x0000,0x0000,
0x0000,0x0000,0x0000,0x0000,0x2964,0x5269,0x630B,0x5ACB,0x62EB,0x62EB,0x62EB,0x62EB,0x62EB,0x62EB,0x62EB,0x62EB,0x62EB,0x62EB,
0x62EB,0x62EB,0x62EB,0x62EB,0x62EB,0x62EB,0x62EB,0x62EB,0x62EB,0x5ACB,0x630B,0x5269,0x2944,0x0000,0x0000,0x0000,0x0000,0x0000,
0x0000,0x0000,0x0000,0x0000,0x2944,0x41E7,0x4A28,0x4A28,0x4A28,0x4A28,0x4A28,0x4A28,0x4A28,0x4A28,0x4A28,0x4A28,0x4A28,0x4A28,
0x4A28,0x4A28,0x4A28,0x4A28,0x4A28,0x4A28,0x4A28,0x4A28,0x4A28,0x4A28,0x4A28,0x41E7,0x2944,0x0000,0x0000,0x0000,0x0000,0x0000,
0x0000,0x0000,0x0000,0x0000,0x4246,0x3A05,0x3205,0x3A05,0x3A05,0x3A05,0x3A05,0x3A05,0x3A05,0x3A05,0x3A05,0x3A05,0x3A05,0x3A05,
0x3A05,0x3A05,0x3A05,0x3A05,0x3A05,0x3A05,0x3A05,0x3A05,0x3A05,0x3A05,0x3205,0x3A05,0x3A46,0x0000,0x0000,0x0000,0x0000,0x0000,
0x0000,0x0000,0x0000,0x0000,0x0000,0x0000,0x0000,0x0000,0x0000,0x0000,0x0000,0x0000,0x0000,0x0000,0x0000,0x0000,0x0000,0x0000,
0x0000,0x0000,0x0000,0x0000,0x0000,0x0000,0x0000,0x0000,0x0000,0x0000,0x0000,0x0000,0x0000,0x0000,0x0000,0x0000,0x0000,0x0000,
};
static const uint8_t br_mask[162] PROGMEM={
0x00,0x00,0x00,0x00,0x00,0x00,0xFC,0x01,0x00,0x80,0xCF,0xBF,0x0F,0x00,0xFC,0xFE,0xFB,0x01,0xC0,0xFF,0xFF,0x3F,0x00,0xFC,
0xFF,0xFF,0x01,0xC0,0xFF,0xFF,0x1F,0x00,0xFC,0xFF,0xFF,0x01,0xC0,0xFF,0xFF,0x1F,0x00,0xFC,0xFF,0xFF,0x01,0xC0,0xFF,0xFF,
0x1F,0x00,0xF8,0xFF,0xFF,0x00,0x00,0xFF,0xFF,0x07,0x00,0xE0,0xFF,0x3F,0x00,0x00,0xFE,0xFF,0x03,0x00,0xE0,0xFF,0x3F,0x00,
0x00,0xFE,0xFF,0x03,0x00,0xF0,0xFF,0x7F,0x00,0x00,0xFF,0xFF,0x07,0x00,0xF0,0xFF,0x7F,0x00,0x00,0xFF,0xFF,0x07,0x00,0xF0,
0xFF,0x7F,0x00,0x00,0xFF,0xFF,0x07,0x00,0xF0,0xFF,0x7F,0x00,0x00,0xFF,0xFF,0x07,0x00,0xF0,0xFF,0xFF,0x00,0x80,0xFF,0xFF,
0x0F,0x00,0xFE,0xFF,0xFF,0x03,0xF0,0xFF,0xFF,0x7F,0x00,0xFF,0xFF,0xFF,0x07,0xF0,0xFF,0xFF,0x7F,0x00,0xFF,0xFF,0xFF,0x07,
0xF0,0xFF,0xFF,0x7F,0x00,0xFF,0xFF,0xFF,0x07,0xF0,0xFF,0xFF,0x7F,0x00,0x00,0x00,0x00,0x00,
};
static const uint16_t bq_pix[1296] PROGMEM={
0x0000,0x0000,0x0000,0x0000,0x0000,0x0000,0x0000,0x0000,0x0000,0x07E0,0x0000,0x0000,0xFFF5,0xFFF5,0x0000,0x0000,0x52A0,0x0000,
0x0000,0x52A0,0x0000,0x0000,0xFFF5,0xFFF5,0x0000,0x0000,0x07E0,0x0000,0x0000,0x0000,0x0000,0x0000,0x0000,0x0000,0x0000,0x0000,
0x0000,0x0000,0x0000,0x0000,0x0000,0x0000,0x0000,0x0000,0x07E0,0x0000,0x7D0B,0x3A45,0x31E5,0x31C5,0x3A25,0x5347,0x0000,0x7BEF,
0x03E0,0x0000,0x4B07,0x3205,0x31C5,0x31C5,0x4266,0x74AA,0x0000,0x0000,0x0000,0x0000,0x0000,0x0000,0x0000,0x0000,0x0000,0x0000,
0x0000,0x0000,0x0000,0x0000,0x0000,0x0000,0x0000,0x0000,0x0000,0x7C8A,0x31E5,0x4A48,0x62EB,0x5269,0x39C7,0x2984,0x4AA6,0x0000,
0x0000,0x4286,0x31A5,0x528A,0x5AAA,0x4A49,0x39A6,0x31E5,0x7469,0x0000,0x0000,0x0000,0x0000,0x0000,0x0000,0x0000,0x0000,0x0000,
0x0000,0x0000,0x0000,0x0000,0x0000,0x0000,0x0000,0x52AA,0x0000,0x3205,0x4A48,0x83CF,0x62EB,0x62EB,0x62EB,0x39A6,0x31A4,0x9E6C,
0x9E6C,0x31A4,0x62CB,0x738D,0x5ACA,0x62EB,0x528A,0x3185,0x3A25,0x0000,0x39E7,0x0000,0x0000,0x0000,0x0000,0x0000,0x0000,0x0000,
0x0000,0x0000,0x0000,0x0000,0x0000,0x0000,0x0000,0x0000,0x0000,0x31A4,0x6B4C,0x630C,0x5AAA,0x5ACA,0x5AAA,0x4207,0x2965,0x5307,
0x3A85,0x39E6,0x736D,0x5AAA,0x5ACA,0x5ACA,0x5289,0x39A6,0x31C5,0x95AB,0x0000,0x0000,0x0000,0x0000,0x0000,0x0000,0x0000,0x0000,
0x0000,0x0000,0x0000,0x0000,0x52AA,0x52AA,0x0000,0x0000,0x0000,0x31A5,0x62EB,0x5AEB,0x5ACA,0x5ACA,0x4A48,0x4207,0x3185,0x5307,
0x4285,0x39E6,0x630C,0x5AAA,0x5ACA,0x528A,0x4A28,0x39C7,0x31C5,0x8D8B,0x0000,0x7BE0,0x52AA,0x52AA,0x0000,0x0000,0x0000,0x0000,
0x0000,0x0000,0x52AA,0x0000,0x0000,0x0000,0x0000,0x2945,0x0000,0x3A25,0x41E7,0x62EB,0x5ACB,0x528A,0x4A28,0x39A6,0x31A4,0x64C9,
0x63E9,0x31A5,0x4A28,0x62EB,0x5AAA,0x4A48,0x4A28,0x3186,0x39E5,0x0000,0x2945,0x0000,0x0000,0x0000,0x0000,0x52AA,0x0000,0x0000,
0x0000,0x0000,0x0000,0xAF4F,0x4AE6,0x4AE6,0x9E2E,0x0000,0x0000,0x63A8,0x31C5,0x39C7,0x5AAA,0x5AAA,0x41E7,0x2964,0x4AA6,0x0000,
0x0000,0x42A6,0x3185,0x5A8A,0x5AAA,0x4207,0x3186,0x31C5,0x5B88,0x39E0,0x0000,0x9EAE,0x4AC6,0x4B27,0xAF4F,0x0000,0x0000,0x0000,
0x52AA,0x0000,0x4B07,0x31C5,0x39C6,0x31A5,0x31C5,0x4AA6,0x0000,0x0000,0x5B88,0x2964,0x4A28,0x62EB,0x4A28,0x3185,0x4AE7,0x0000,
0x0000,0x4AC6,0x39C6,0x5AAA,0x5ACA,0x39A6,0x2944,0x5BA8,0x0000,0x0000,0x42A6,0x31C5,0x39C6,0x31A5,0x31E5,0x5307,0x0000,0x52AA,
0x0000,0x5347,0x31A5,0x5AAA,0x6B0C,0x5AAA,0x41C7,0x3185,0x4AE7,0x0000,0x0000,0x2944,0x5269,0x62EB,0x5AAA,0x3186,0x3A05,0x0000,
0x0000,0x3205,0x4207,0x62EB,0x5ACA,0x39C7,0x31A4,0x0000,0x0000,0x4AE7,0x31C5,0x5ACB,0x630B,0x5AAA,0x41C7,0x31A5,0x5B47,0x0000,
0xFFFF,0x3205,0x528A,0x7BAE,0x5AAA,0x62CB,0x5AAA,0x3186,0x31E5,0xFFFF,0xFFF7,0x31C5,0x4A49,0x62CB,0x5ACB,0x41E7,0x2984,0x6C69,
0x6C69,0x31A5,0x5269,0x5ACB,0x5ACA,0x39C7,0x31C5,0xFFF5,0xFFFF,0x31C4,0x5AAA,0x738D,0x5AAA,0x5ACB,0x62EB,0x3186,0x3A25,0xFFFF,
0xFFFA,0x3A05,0x630C,0x62EB,0x5ACA,0x5ACA,0x4A69,0x39C7,0x31A4,0xB6CD,0x0000,0x31C5,0x5269,0x5ACB,0x5ACA,0x5289,0x3185,0x4286,
0x3A65,0x39C6,0x5ACA,0x5ACA,0x5ACB,0x4207,0x2984,0x0000,0x96CD,0x31C5,0x6B2C,0x5ACB,0x5ACA,0x5ACA,0x5ACA,0x39C7,0x39E5,0xFFFA,
0xFFEF,0x31E5,0x4A49,0x62EB,0x5AAA,0x5ACA,0x4A48,0x39A6,0x31C5,0x0000,0x9E6C,0x3184,0x5269,0x5ACB,0x5ACA,0x5ACB,0x39A6,0x31E5,
0x31E5,0x4208,0x62EB,0x5ACA,0x62EB,0x4A28,0x2964,0x9E6C,0x0000,0x31E5,0x4A49,0x62EB,0x5ACA,0x5ACA,0x5289,0x39A6,0x39E5,0xFFFF,
0x0000,0x4AC6,0x31A5,0x5269,0x62EB,0x5ACA,0x528A,0x3185,0x31C4,0x8D4C,0x0000,0x2985,0x528A,0x5ACA,0x5ACA,0x62EB,0x4A28,0x2964,
0x3185,0x5289,0x5ACB,0x5ACA,0x62EB,0x4A48,0x2944,0x0000,0x8D4C,0x31A4,0x39C7,0x62EB,0x528A,0x4A48,0x39C7,0x31A5,0x4AC7,0x0000,
0x52AA,0x0000,0x3A25,0x31A5,0x39C7,0x5AAA,0x5ACB,0x5289,0x3165,0x3A05,0x9E2C,0x2944,0x5AAA,0x5ACA,0x5ACA,0x5ACA,0x5ACA,0x2924,
0x3165,0x62EB,0x5ACA,0x5ACA,0x5ACB,0x5269,0x2104,0x9E2E,0x3A05,0x39A6,0x5ACA,0x5ACA,0x4228,0x3185,0x31A5,0x3A25,0x0000,0x52AA,
0x0000,0x0000,0x0000,0x5347,0x2964,0x4A48,0x62CB,0x5ACB,0x528A,0x3165,0x3A05,0x3185,0x5AAA,0x5ACA,0x5ACA,0x5ACA,0x62EB,0x39C7,
0x4207,0x62EB,0x5ACA,0x5ACA,0x5ACB,0x5269,0x2944,0x3A05,0x39A6,0x5ACA,0x5ACB,0x5269,0x39C6,0x2964,0x5347,0x0000,0x0000,0x0000,
0x0000,0x0000,0x2945,0x0000,0x3A25,0x39C6,0x5ACB,0x5ACA,0x5ACB,0x528A,0x2945,0x2924,0x5AAA,0x5ACA,0x5ACA,0x5ACA,0x5ACA,0x528A,
0x5AAA,0x5ACA,0x5ACA,0x5ACA,0x5ACA,0x528A,0x2124,0x3185,0x5AAA,0x5ACB,0x52AA,0x4A28,0x3185,0x3A25,0x0000,0x2945,0x0000,0x0000,
0x0000,0x0000,0x7BE0,0x7BE0,0x63E8,0x31A5,0x5269,0x62EB,0x5AAA,0x62EB,0x528A,0x3186,0x5AAA,0x5ACA,0x5ACA,0x5ACA,0x5ACA,0x5ACA,
0x5ACA,0x5ACA,0x5ACA,0x5ACA,0x5ACA,0x5AAA,0x3186,0x5AAA,0x5ACB,0x5ACA,0x4A69,0x39C7,0x3184,0x63E8,0x7BE0,0x7BE0,0x0000,0x0000,
0x0000,0x0000,0x0000,0x52AA,0x0000,0x31C4,0x41E7,0x62EB,0x5ACA,0x5ACA,0x5ACB,0x5ACA,0x5ACA,0x5ACA,0x5ACA,0x5ACA,0x5ACA,0x5ACA,
0x5ACA,0x5ACA,0x5ACA,0x5ACA,0x5ACA,0x5AAA,0x5ACA,0x5ACA,0x5ACA,0x5289,0x4A28,0x31A6,0x3A05,0x0000,0x52AA,0x0000,0x0000,0x0000,
0x0000,0x0000,0x0000,0x52AA,0x0000,0x42C6,0x31A5,0x5A8A,0x5ACA,0x5ACA,0x5ACA,0x5ACA,0x5ACA,0x5ACA,0x5ACA,0x5ACA,0x5ACA,0x5ACA,
0x5ACA,0x5ACA,0x5ACA,0x5ACA,0x5ACA,0x5ACA,0x5ACA,0x5ACA,0x5AAA,0x4A28,0x4207,0x3185,0x4AE6,0x0000,0x52AA,0x0000,0x0000,0x0000,
0x0000,0x0000,0x0000,0x0000,0x0000,0xFFFF,0x31C5,0x4A28,0x62EB,0x5ACA,0x5ACA,0x5ACA,0x5ACA,0x5ACA,0x5ACA,0x5ACA,0x5ACA,0x5ACA,
0x5ACA,0x5ACA,0x5ACA,0x5ACA,0x5ACA,0x5ACA,0x5ACA,0x5ACA,0x4A48,0x4228,0x39A6,0x31C5,0x0000,0x0000,0x0000,0x0000,0x0000,0x0000,
0x0000,0x0000,0x0000,0x0000,0x39E7,0x0000,0x4285,0x39C6,0x5ACA,0x5ACA,0x5ACA,0x5ACA,0x5ACA,0x5ACA,0x5ACA,0x5ACA,0x5ACA,0x5ACA,
0x5ACA,0x5ACA,0x5ACA,0x5ACA,0x5ACA,0x5ACA,0x5ACA,0x5269,0x4228,0x4208,0x3185,0x4286,0x0000,0x39E7,0x0000,0x0000,0x0000,0x0000,
0x0000,0x0000,0x0000,0x0000,0x0000,0x0000,0x7D0A,0x31A5,0x4A49,0x62EB,0x5ACA,0x5ACA,0x5ACA,0x5ACA,0x5ACA,0x5ACA,0x5ACA,0x5ACA,
0x5ACA,0x5ACA,0x5ACA,0x5ACA,0x5ACA,0x5ACB,0x5289,0x4208,0x4A28,0x39C7,0x31A5,0x7D0A,0x0000,0x0000,0x0000,0x0000,0x0000,0x0000,
0x0000,0x0000,0x0000,0x0000,0x0000,0x5000,0x0000,0x3A45,0x39E7,0x62EB,0x5ACA,0x5ACA,0x5ACA,0x5ACA,0x5ACA,0x5ACA,0x5ACA,0x5ACA,
0x5ACA,0x5ACA,0x5ACA,0x5ACA,0x5ACB,0x528A,0x4228,0x4228,0x4A28,0x3185,0x3A45,0x0000,0x0000,0x0000,0x0000,0x0000,0x0000,0x0000,
0x0000,0x0000,0x0000,0x0000,0x0000,0x7BEF,0x0000,0x5BA8,0x31C5,0x5269,0x5ACB,0x5ACA,0x5ACA,0x5ACA,0x5ACA,0x5ACA,0x5ACA,0x5ACA,
0x5ACA,0x5ACA,0x5ACA,0x5ACA,0x5289,0x4228,0x4228,0x4A28,0x39E7,0x31A5,0x5BA8,0x0000,0x7BEF,0x0000,0x0000,0x0000,0x0000,0x0000,
0x0000,0x0000,0x0000,0x0000,0x0000,0x0000,0x000F,0xFFFF,0x3205,0x41E7,0x62EB,0x5ACA,0x5ACB,0x5ACB,0x62EB,0x62EB,0x62EB,0x62EB,
0x62EB,0x62EB,0x5ACA,0x5269,0x4228,0x4A28,0x4228,0x4A28,0x3186,0x3A05,0xFFFF,0x7BEF,0x0000,0x0000,0x0000,0x0000,0x0000,0x0000,
0x0000,0x0000,0x0000,0x0000,0x0000,0x0000,0x52A5,0x0000,0x5367,0x39C6,0x5AAA,0x5AAA,0x528A,0x5269,0x5269,0x4A49,0x4A48,0x4A48,
0x4A48,0x4207,0x39C7,0x39C7,0x41E7,0x4207,0x4228,0x4208,0x31A5,0x5368,0x0000,0x2AA5,0x0000,0x0000,0x0000,0x0000,0x0000,0x0000,
0x0000,0x0000,0x0000,0x0000,0x0000,0x7BE0,0x0000,0x5BC8,0x3A45,0x2123,0x2945,0x3185,0x31A6,0x39A6,0x39C6,0x39C7,0x39E7,0x39E7,
0x39C7,0x39C7,0x39C6,0x39A6,0x3186,0x3185,0x3165,0x2924,0x2123,0x3A45,0x5BC8,0x0000,0x03E0,0x0000,0x0000,0x0000,0x0000,0x0000,
0x0000,0x0000,0x0000,0x0000,0x7BEF,0x0000,0x4B07,0x31C5,0x4A28,0x630C,0x738D,0x7BCE,0x83EF,0x840F,0x8410,0x8C10,0x8C10,0x8C10,
0x8C10,0x8C10,0x8410,0x8410,0x83EF,0x83EF,0x7BAE,0x736D,0x630B,0x4A28,0x31C5,0x5327,0x0000,0x52AA,0x0000,0x0000,0x0000,0x0000,
0x0000,0x0000,0x0000,0x0000,0x0000,0x6448,0x31C5,0x5A8A,0x83EF,0x7BAE,0x736D,0x6B4D,0x6B2C,0x630C,0x630B,0x630B,0x630B,0x630B,
0x630B,0x630B,0x630B,0x630B,0x630C,0x6B2C,0x6B4C,0x736D,0x7BAE,0x83EF,0x526A,0x31A4,0x6C49,0x0000,0x0000,0x0000,0x0000,0x0000,
0x0000,0x0000,0x0000,0x39E7,0x0000,0x3A65,0x39C6,0x62EB,0x5AAA,0x5AAA,0x5AAA,0x5AAA,0x5AAA,0x5AAA,0x5AAA,0x5AAA,0x5AAA,0x5AAA,
0x5AAA,0x5AAA,0x5AAA,0x5AAA,0x5AAA,0x5AAA,0x5AAA,0x5AAA,0x5AAA,0x5AAA,0x62EB,0x31A6,0x4265,0x0000,0x39E7,0x0000,0x0000,0x0000,
0x0000,0x0000,0x0000,0x39E7,0x0000,0x3A45,0x41E7,0x5ACB,0x5ACA,0x5ACA,0x5ACA,0x5ACA,0x5ACA,0x5ACA,0x5ACA,0x5ACA,0x5ACA,0x5ACA,
0x5ACA,0x5ACA,0x5ACA,0x5ACA,0x5ACA,0x5ACA,0x5ACA,0x5ACA,0x5ACA,0x5ACA,0x5ACB,0x39E7,0x3A25,0x0000,0x39E7,0x0000,0x0000,0x0000,
0x0000,0x0000,0x0000,0x39E7,0x0000,0x3205,0x4207,0x630B,0x5ACA,0x62EB,0x62EB,0x62EB,0x62EB,0x62EB,0x62EB,0x62EB,0x62EB,0x62EB,
0x62EB,0x62EB,0x62EB,0x62EB,0x62EB,0x62EB,0x62EB,0x62EB,0x62EB,0x5ACA,0x630B,0x4207,0x31E5,0x0000,0x39E7,0x0000,0x0000,0x0000,
0x0000,0x0000,0x0000,0x39E7,0x0000,0x3205,0x39C7,0x5269,0x4A49,0x5269,0x5269,0x5269,0x5269,0x5269,0x5269,0x5269,0x5269,0x5269,
0x5269,0x5269,0x5269,0x5269,0x5269,0x5269,0x5269,0x5269,0x5269,0x4A49,0x5269,0x39C6,0x31E5,0x0000,0x39E7,0x0000,0x0000,0x0000,
0x0000,0x0000,0x0000,0x52AA,0x0000,0x4AA6,0x3A05,0x31C5,0x31C5,0x31C5,0x31C5,0x31C5,0x31C5,0x31C5,0x31C5,0x31C5,0x31C5,0x31C5,
0x31C5,0x31C5,0x31C5,0x31C5,0x31C5,0x31C5,0x31C5,0x31C5,0x31C5,0x31C5,0x31C5,0x3A05,0x4AA6,0x0000,0x52AA,0x0000,0x0000,0x0000,
0x0000,0x0000,0x0000,0x0000,0x0000,0xBFEF,0xFFF5,0xFFF5,0xFFF5,0xFFF5,0xFFF5,0xFFF5,0xFFF5,0xFFF5,0xFFF5,0xFFF5,0xFFF5,0xFFF5,
0xFFF5,0xFFF5,0xFFF5,0xFFF5,0xFFF5,0xFFF5,0xFFF5,0xFFF5,0xFFF5,0xFFF5,0xFFF5,0xFFF5,0xBFEF,0x0000,0x0000,0x0000,0x0000,0x0000,
};
static const uint8_t bq_mask[162] PROGMEM={
0x00,0x00,0x00,0x00,0x00,0x80,0x0F,0x1F,0x00,0x00,0xFC,0xF9,0x03,0x00,0xE0,0x9F,0x7F,0x00,0x00,0xFE,0xFF,0x07,0x00,0xE0,
0xFF,0x7F,0x00,0x00,0xFE,0xF9,0x07,0x00,0xE3,0x9F,0x7F,0x0C,0xFC,0xFC,0xF9,0xF3,0xE3,0x9F,0x9F,0x9F,0x7F,0xFE,0xF9,0xF9,
0xF9,0xE7,0x9F,0xFF,0x9F,0x7F,0xFE,0xF9,0xFF,0xF9,0xE7,0x9F,0xFF,0x9F,0x7F,0xFC,0xFB,0xFF,0xFD,0x83,0xFF,0xFF,0xFF,0x1F,
0xF0,0xFF,0xFF,0xFF,0x00,0xFE,0xFF,0xFF,0x07,0xE0,0xFF,0xFF,0x7F,0x00,0xFE,0xFF,0xFF,0x07,0xC0,0xFF,0xFF,0x3F,0x00,0xFC,
0xFF,0xFF,0x03,0x80,0xFF,0xFF,0x1F,0x00,0xF8,0xFF,0xFF,0x01,0x80,0xFF,0xFF,0x1F,0x00,0xF0,0xFF,0xFF,0x00,0x00,0xFF,0xFF,
0x0F,0x00,0xF8,0xFF,0xFF,0x01,0xC0,0xFF,0xFF,0x3F,0x00,0xFC,0xFF,0xFF,0x03,0xE0,0xFF,0xFF,0x7F,0x00,0xFE,0xFF,0xFF,0x07,
0xE0,0xFF,0xFF,0x7F,0x00,0xFE,0xFF,0xFF,0x07,0xE0,0xFF,0xFF,0x7F,0x00,0x00,0x00,0x00,0x00,
};
static const uint16_t bk_pix[1296] PROGMEM={
0x0000,0x0000,0x0000,0x0000,0x0000,0x0000,0x0000,0x0000,0x0000,0x0000,0x0000,0x0000,0x0000,0x0000,0x0000,0xFFFF,0xFFFF,0xFFFF,
0xFFFF,0xFFFF,0xFFFF,0x0000,0x0000,0x0000,0x0000,0x0000,0x0000,0x0000,0x0000,0x0000,0x0000,0x0000,0x0000,0x0000,0x0000,0x0000,
0x0000,0x0000,0x0000,0x0000,0x0000,0x0000,0x0000,0x0000,0x0000,0x0000,0x0000,0x0000,0x0000,0x632C,0x7BEF,0x7BAD,0x62EA,0x5ACA,
0x5ACA,0x630A,0x8C4F,0x7BEF,0x632C,0x0000,0x0000,0x0000,0x0000,0x0000,0x0000,0x0000,0x0000,0x0000,0x0000,0x0000,0x0000,0x0000,
0x0000,0x0000,0x0000,0x0000,0x0000,0x0000,0x0000,0x0000,0x0000,0x0000,0x0000,0x0000,0x0000,0x0000,0x0000,0x4A68,0x4208,0x5ACB,
0x5AAA,0x39C6,0x632B,0x0000,0x0000,0x0000,0x0000,0x0000,0x0000,0x0000,0x0000,0x0000,0x0000,0x0000,0x0000,0x0000,0x0000,0x0000,
0x0000,0x0000,0x0000,0x0000,0x0000,0x0000,0x0000,0x0000,0x0000,0x0000,0x0000,0x0000,0xAD55,0x9D11,0xA551,0x4A68,0x5AAA,0x6B2C,
0x630B,0x4207,0x632B,0x9CD1,0xA511,0xBDF5,0x0000,0x0000,0x0000,0x0000,0x0000,0x0000,0x0000,0x0000,0x0000,0x0000,0x0000,0x0000,
0x0000,0x0000,0x0000,0x0000,0x0000,0x0000,0x0000,0x0000,0x0000,0x0000,0x39E7,0x0000,0x5AEA,0x4207,0x4227,0x39A6,0x5AAA,0x62EB,
0x5ACA,0x4228,0x39C6,0x4207,0x4A48,0x840E,0x0000,0x7BE7,0x0000,0x0000,0x0000,0x0000,0x0000,0x0000,0x0000,0x0000,0x0000,0x0000,
0x0000,0x0000,0x0000,0x0000,0x0000,0x0000,0x0000,0x0000,0x0000,0x0000,0x39E7,0x0000,0x39C6,0x4208,0x6B2C,0x630C,0x6B2C,0x5ACA,
0x5ACA,0x630C,0x6B0C,0x62EB,0x41E7,0x6B6C,0x0000,0x7BE7,0x0000,0x0000,0x0000,0x0000,0x0000,0x0000,0x0000,0x0000,0x0000,0x0000,
0x0000,0x0000,0x0000,0x0000,0x0000,0x0000,0x0000,0x0000,0x0000,0x0000,0x39E7,0x0000,0x41E6,0x4A48,0x6B2C,0x5AAA,0x5AAA,0x5ACA,
0x5ACA,0x5ACA,0x5ACA,0x5ACA,0x4207,0x6B6C,0x0000,0x7BE7,0x0000,0x0000,0x0000,0x0000,0x0000,0x0000,0x0000,0x0000,0x0000,0x0000,
0x0000,0x0000,0x0000,0x0000,0x0000,0x0000,0xFFFF,0xAD55,0x39E7,0x0000,0x2124,0x39E7,0x4207,0x41E7,0x5ACA,0x5AAA,0x5ACA,0x5ACA,
0x5ACA,0x5ACA,0x5AAA,0x5269,0x39C6,0x738C,0x39E7,0x6A44,0x0000,0x39E7,0xAD55,0xFFFF,0x0000,0x0000,0x0000,0x0000,0x0000,0x0000,
0x0000,0x0000,0x0000,0x0000,0x0000,0x52AA,0x0000,0x0000,0x0000,0x0000,0x0000,0x0000,0x5289,0x4A28,0x4207,0x2965,0x4A48,0x5ACB,
0x62EB,0x4A28,0x2965,0x4207,0x4A68,0x840E,0x0000,0x0000,0x0000,0x0000,0x0000,0x0000,0x52AA,0x0000,0x0000,0x0000,0x0000,0x0000,
0x0000,0x0000,0x0000,0x0000,0x52A0,0x0000,0xFFFF,0x9CF1,0x7BCD,0x73AD,0x7BAD,0x7BCD,0x9490,0xC635,0xD6B7,0x4A28,0x4A49,0x62EB,
0x62EB,0x4A48,0x4227,0xE718,0xC635,0x94D0,0x7BCD,0x73AD,0x7BCD,0x840E,0xAD73,0xFFFF,0x0000,0x52A0,0x0000,0x0000,0x0000,0x0000,
0x0000,0x0000,0x0000,0x7BEF,0x0000,0x8C4F,0x5AA9,0x4A48,0x5289,0x5269,0x4A48,0x4207,0x4207,0x4207,0x5268,0x3186,0x5ACA,0x5ACA,
0x5ACA,0x5AAA,0x39A6,0x52A9,0x39E7,0x4207,0x4207,0x4208,0x4208,0x4207,0x4207,0x630A,0xA511,0x0000,0x7BEF,0x0000,0x0000,0x0000,
0x0000,0x0000,0x52AA,0x0000,0x4207,0x39E7,0x62EB,0x6B4D,0x6B0C,0x62EB,0x62EB,0x62EB,0x5ACA,0x528A,0x4207,0x4208,0x5ACB,0x5ACA,
0x5ACA,0x5ACB,0x41E7,0x4207,0x528A,0x5ACA,0x62EB,0x62EB,0x62EB,0x5ACB,0x528A,0x41E7,0x39E6,0x5AEA,0x0000,0x52AA,0x0000,0x0000,
0x0000,0x52AA,0x0000,0x6B6B,0x39C6,0x738D,0x736D,0x5AAA,0x5AAA,0x5ACA,0x5ACA,0x5ACA,0x5ACA,0x5ACB,0x62EB,0x62EB,0x5ACA,0x5ACA,
0x5ACA,0x5ACA,0x62EB,0x62EB,0x5ACB,0x5ACA,0x5ACA,0x5ACA,0x5ACA,0x5ACA,0x5ACA,0x630B,0x4A48,0x39A6,0x946F,0x0000,0x52AA,0x0000,
0x0000,0x0000,0xEF79,0x4A48,0x6B2C,0x736D,0x528A,0x5ACA,0x5ACA,0x5ACA,0x5ACA,0x5ACA,0x5ACA,0x5ACA,0x5ACA,0x5ACA,0x5ACA,0x5ACA,
0x5ACA,0x5ACA,0x5ACA,0x5ACA,0x5ACA,0x5ACA,0x5ACA,0x5ACA,0x5ACA,0x5ACA,0x5ACA,0x5AAA,0x62EB,0x39C6,0x52A9,0xFFFD,0x0000,0x0000,
0x0000,0x0000,0x7BCD,0x4A69,0x7BAE,0x5AAA,0x5ACA,0x5ACA,0x5ACA,0x5ACA,0x62EB,0x5ACB,0x62EB,0x62EB,0x5ACA,0x5ACA,0x5ACA,0x5ACA,
0x5ACA,0x5ACA,0x5ACA,0x5ACA,0x62EB,0x5ACB,0x5ACB,0x62EB,0x5ACA,0x5ACA,0x5ACA,0x5ACA,0x5ACB,0x5269,0x39C6,0x8C6F,0x0000,0x0000,
0x0000,0xFFFF,0x5AC9,0x5ACB,0x6B2C,0x5AAA,0x5ACA,0x5ACA,0x5ACB,0x5AAA,0x41E7,0x41E7,0x41E7,0x4A28,0x5ACA,0x5ACA,0x5ACA,0x5ACA,
0x5ACA,0x5ACA,0x5ACB,0x5AAA,0x4228,0x4207,0x41E7,0x4207,0x5AAA,0x5ACA,0x5ACA,0x5ACA,0x5ACA,0x5ACA,0x31A6,0x632B,0xFFFF,0x0000,
0x0000,0xFFFF,0x5268,0x630C,0x62EB,0x5ACA,0x5ACA,0x5ACA,0x5ACA,0x39A6,0x5AEA,0x73AC,0x6B4B,0x5289,0x39A6,0x5AAA,0x5ACA,0x5ACA,
0x5ACA,0x5ACA,0x5289,0x39C6,0x4A48,0x738C,0x7BCD,0x5268,0x39C6,0x5ACA,0x5ACA,0x5ACA,0x5ACA,0x5ACA,0x31A6,0x5ACA,0xFFFF,0x0000,
0x0000,0xFFFF,0x4207,0x632C,0x62EB,0x5ACA,0x5ACA,0x62EB,0x4A69,0x4207,0x0000,0x0000,0x0000,0xFFFF,0x5268,0x4A28,0x62EB,0x5ACA,
0x5ACA,0x62EB,0x4208,0x5AC9,0xFFFF,0x0000,0x0000,0xFFFF,0x4227,0x5269,0x5ACB,0x5ACA,0x5ACA,0x5ACA,0x39A6,0x5289,0xFFFF,0x0000,
0x0000,0xFFFF,0x5289,0x5ACB,0x62EB,0x5ACA,0x5ACA,0x5ACB,0x5269,0x4207,0xB5B4,0x0000,0x3186,0xFFFF,0x630B,0x4208,0x62EB,0x5ACA,
0x5ACA,0x62EB,0x4A28,0x5AEA,0x0000,0x4228,0x0000,0x9CD0,0x41E7,0x5289,0x5ACA,0x5ACA,0x5ACA,0x5AAA,0x3186,0x5ACA,0xFFFF,0x0000,
0x0000,0xFFFF,0x6B4B,0x4A49,0x630B,0x5AAA,0x5ACA,0x5ACA,0x5ACB,0x41E7,0x4A27,0xFFFF,0x0000,0xFFFF,0x630A,0x4208,0x62EB,0x5ACA,
0x5ACA,0x62EB,0x4A28,0x5AEA,0xFFFF,0x0000,0xFFFC,0x4A48,0x41E7,0x62EB,0x5ACA,0x5ACA,0x5ACA,0x4A69,0x3186,0x6B4C,0x0000,0x0000,
0x0000,0x0000,0x94B0,0x4227,0x5ACA,0x5ACA,0x5ACA,0x5ACA,0x5ACA,0x5ACA,0x39C6,0x5AC9,0xFFFF,0xFFFF,0x630A,0x4208,0x62EB,0x5ACA,
0x5ACA,0x62EB,0x4A28,0x5ACA,0x0000,0xF739,0x4207,0x39C6,0x5ACB,0x5ACA,0x5ACA,0x5ACA,0x528A,0x39C7,0x41E7,0xA511,0x0000,0x0000,
0x0000,0x7BEF,0xFFFF,0x5AEA,0x39C7,0x62EB,0x5ACA,0x5ACA,0x5ACA,0x5ACA,0x5ACA,0x39C6,0x5AEA,0xFFFF,0x5AEA,0x4228,0x62EB,0x5ACA,
0x5ACA,0x62EB,0x4A28,0x62EA,0xFFFF,0x630A,0x39A6,0x62EB,0x5ACA,0x5ACA,0x5ACA,0x528A,0x4A28,0x3185,0x630B,0x0000,0x7BE0,0x0000,
0x0000,0x7BEF,0x0000,0xBDF5,0x4207,0x41E7,0x62EB,0x5ACA,0x5ACA,0x5ACA,0x5ACB,0x5AAA,0x39A6,0x52A9,0x3185,0x4A48,0x62EB,0x5ACA,
0x5ACA,0x62EB,0x4208,0x39C6,0x5269,0x3186,0x5ACA,0x5ACA,0x5ACA,0x5ACA,0x528A,0x4A28,0x3185,0x4A48,0xDEF8,0x0000,0x7BEF,0x0000,
0x0000,0x0000,0x7BEF,0x0000,0xA552,0x4227,0x41E7,0x62EB,0x5ACA,0x5ACA,0x5ACA,0x5ACB,0x5AAA,0x4228,0x5269,0x5AAA,0x5ACA,0x5ACA,
0x5ACA,0x5ACA,0x5AAA,0x4A48,0x4208,0x5AAA,0x5ACA,0x5ACA,0x5ACB,0x528A,0x4A28,0x31A6,0x39E6,0x946F,0x0000,0x7BEF,0x0000,0x0000,
0x0000,0x0000,0x0000,0x7BEF,0x0000,0x94B0,0x4207,0x4207,0x62EB,0x5ACA,0x5ACA,0x5ACA,0x5ACA,0x62EB,0x62EB,0x5ACA,0x5ACA,0x5ACA,
0x5ACA,0x5ACA,0x5ACA,0x62EB,0x62EB,0x5ACA,0x5ACA,0x5ACB,0x528A,0x4A28,0x3186,0x39C6,0x7BED,0x0000,0x39E7,0x0000,0x0000,0x0000,
0x0000,0x0000,0x0000,0x0000,0x7BEF,0x0000,0x94B0,0x41E6,0x4208,0x62EB,0x5AAA,0x5ACA,0x5ACA,0x5ACA,0x5ACA,0x5ACA,0x5ACA,0x5ACA,
0x5ACA,0x5ACA,0x5ACA,0x5ACA,0x5ACA,0x5ACA,0x5ACA,0x5289,0x4A48,0x3186,0x4227,0x94B0,0x0000,0x7BE7,0x0000,0x0000,0x0000,0x0000,
0x0000,0x0000,0x0000,0x0000,0x0000,0x632C,0x0000,0x9490,0x4207,0x5269,0x630B,0x62EB,0x62EB,0x5ACB,0x5ACA,0x5ACA,0x5AAA,0x5AAA,
0x5AAA,0x5ACA,0x5ACA,0x5ACA,0x5ACB,0x62EB,0x5AAA,0x4A49,0x39C6,0x41E7,0xA532,0x0000,0x7BEF,0x0000,0x0000,0x0000,0x0000,0x0000,
0x0000,0x0000,0x0000,0x0000,0x0000,0xFFFF,0x0000,0x0000,0x840E,0x3165,0x39C7,0x39A6,0x3186,0x3186,0x3186,0x3186,0x3186,0x3186,
0x3186,0x3186,0x3186,0x3186,0x3186,0x3186,0x2965,0x2965,0x3165,0x9CB0,0x0000,0x0000,0x0000,0x0000,0x0000,0x0000,0x0000,0x0000,
0x0000,0x0000,0x0000,0x0000,0x0000,0x7BEF,0xFFFF,0x840E,0x4A28,0x4208,0x528A,0x630B,0x6B4C,0x736D,0x7BAE,0x7BAE,0x7BAE,0x7BCE,
0x7BCE,0x7BAE,0x7BAE,0x7B8E,0x736D,0x6B4C,0x630B,0x5AAA,0x4207,0x4A48,0x842E,0xFFFF,0xFFFF,0x0000,0x0000,0x0000,0x0000,0x0000,
0x0000,0x0000,0x0000,0x0000,0x52AA,0x0000,0x7BCD,0x4A48,0x6B2C,0x83EF,0x83CF,0x7BAE,0x7B8E,0x738D,0x736D,0x736D,0x736D,0x6B4D,
0x6B4D,0x736D,0x736D,0x736D,0x738D,0x7BAE,0x7BCE,0x83CF,0x83EF,0x630C,0x5289,0x9490,0x0000,0x7BEF,0x0000,0x0000,0x0000,0x0000,
0x0000,0x0000,0x0000,0x0000,0x0000,0xFFFF,0x4A48,0x4A48,0x6B2C,0x5AAA,0x5AAA,0x5AAA,0x5AAA,0x5AAA,0x5AAA,0x5AAA,0x5AAA,0x5AAA,
0x5AAA,0x5AAA,0x5AAA,0x5AAA,0x5AAA,0x5AAA,0x5AAA,0x5AAA,0x5AAA,0x6B2C,0x4A28,0x4A48,0x0000,0x0000,0x0000,0x0000,0x0000,0x0000,
0x0000,0x0000,0x0000,0x7BEF,0x0000,0xD697,0x4227,0x5269,0x5ACA,0x5ACA,0x5ACA,0x5ACA,0x5ACA,0x5ACA,0x5ACA,0x5ACA,0x5ACA,0x5ACA,
0x5ACA,0x5ACA,0x5ACA,0x5ACA,0x5ACA,0x5ACA,0x5ACA,0x5ACA,0x5ACA,0x5ACA,0x4A49,0x4A48,0xFFFE,0x0000,0xFFFF,0x0000,0x0000,0x0000,
0x0000,0x0000,0x0000,0x7BEF,0x0000,0x9CD1,0x4207,0x52AA,0x62EB,0x62EB,0x62EB,0x62EB,0x62EB,0x62EB,0x62EB,0x62EB,0x62EB,0x62EB,
0x62EB,0x62EB,0x62EB,0x62EB,0x62EB,0x62EB,0x62EB,0x62EB,0x62EB,0x62EB,0x5269,0x4A48,0xDF38,0x0000,0x7BEF,0x0000,0x0000,0x0000,
0x0000,0x0000,0x0000,0x7BEF,0x0000,0x94F1,0x39C6,0x4A28,0x5269,0x5269,0x5269,0x5269,0x5269,0x5269,0x5269,0x5269,0x5269,0x5269,
0x5269,0x5269,0x5269,0x5269,0x5269,0x5269,0x5269,0x5269,0x5269,0x5269,0x4208,0x4207,0xDF17,0x0000,0x7BEF,0x0000,0x0000,0x0000,
0x0000,0x0000,0x0000,0x7BEF,0x0000,0xAD73,0x5289,0x41E7,0x4207,0x4207,0x4207,0x4207,0x4207,0x4207,0x4207,0x4207,0x4207,0x4207,
0x4207,0x4207,0x4207,0x4207,0x4207,0x4207,0x4207,0x4207,0x4207,0x4207,0x39E6,0x62EA,0xEF19,0x0000,0x7BEF,0x0000,0x0000,0x0000,
0x0000,0x0000,0x0000,0x0000,0x0000,0xFFFF,0xFFFF,0xFFFF,0xFFFF,0xFFFF,0xFFFF,0xFFFF,0xFFFF,0xFFFF,0xFFFF,0xFFFF,0xFFFF,0xFFFF,
0xFFFF,0xFFFF,0xFFFF,0xFFFF,0xFFFF,0xFFFF,0xFFFF,0xFFFF,0xFFFF,0xFFFF,0xFFFF,0xFFFF,0xFFFF,0x0000,0x0000,0x0000,0x0000,0x0000,
};
static const uint8_t bk_mask[162] PROGMEM={
0x00,0x00,0x00,0x00,0x00,0x00,0xF8,0x01,0x00,0x00,0x80,0x1F,0x00,0x00,0x00,0xFE,0x07,0x00,0x00,0xF0,0xFF,0x00,0x00,0x00,
0xFF,0x0F,0x00,0x00,0xF0,0xFF,0x00,0x00,0x00,0xFF,0x0F,0x00,0x00,0xF0,0xFF,0x00,0x00,0xF8,0xFF,0xFF,0x01,0xE0,0xFF,0xFF,
0x7F,0x00,0xFF,0xFF,0xFF,0x0F,0xF8,0xFF,0xFF,0xFF,0x81,0xFF,0xFF,0xFF,0x1F,0xFC,0xFF,0xFF,0xFF,0xC3,0xFF,0xFF,0xFF,0x3F,
0xFC,0xFF,0xFF,0xFF,0xC3,0x3F,0xFC,0xC3,0x3F,0xFC,0xC7,0x3F,0xFE,0xC3,0x7F,0xFC,0xE3,0x3F,0xFC,0xCF,0x3F,0xFF,0x83,0xFF,
0xFD,0xFF,0x1F,0xF8,0xFF,0xFF,0xFF,0x01,0xFF,0xFF,0xFF,0x0F,0xE0,0xFF,0xFF,0x7F,0x00,0xFC,0xFF,0xFF,0x03,0x80,0xFF,0xFF,
0x1F,0x00,0xF0,0xFF,0xFF,0x00,0x80,0xFF,0xFF,0x1F,0x00,0xFC,0xFF,0xFF,0x03,0xC0,0xFF,0xFF,0x3F,0x00,0xFC,0xFF,0xFF,0x03,
0xC0,0xFF,0xFF,0x3F,0x00,0xFC,0xFF,0xFF,0x03,0xC0,0xFF,0xFF,0x3F,0x00,0x00,0x00,0x00,0x00,
};
inline const uint16_t* pixelsFor(char p){
  switch(p){
    case 'P': return wp_pix;
    case 'N': return wn_pix;
    case 'B': return wb_pix;
    case 'R': return wr_pix;
    case 'Q': return wq_pix;
    case 'K': return wk_pix;
    case 'p': return bp_pix;
    case 'n': return bn_pix;
    case 'b': return bb_pix;
    case 'r': return br_pix;
    case 'q': return bq_pix;
    case 'k': return bk_pix;
  } return nullptr; }
inline const uint8_t* maskFor(char p){
  switch(p){
    case 'P': return wp_mask;
    case 'N': return wn_mask;
    case 'B': return wb_mask;
    case 'R': return wr_mask;
    case 'Q': return wq_mask;
    case 'K': return wk_mask;
    case 'p': return bp_mask;
    case 'n': return bn_mask;
    case 'b': return bb_mask;
    case 'r': return br_mask;
    case 'q': return bq_mask;
    case 'k': return bk_mask;
  } return nullptr; }
